county,state,cases_per_capita_100k,deaths_per_capita_100k,pop_per_sq_mile_2010
Abbeville,SC,4.077139479,0,51.8
Acadia,LA,1.611733419,0,94.3
Accomack,VA,3.094442381,0,73.8
Ada,ID,0.207646801,0,372.8
Adair,IA,13.98210291,0,13.5
Adair,MO,7.891725526,0,45.1
Adair,OK,9.011444535,0,39.6
Adair,KY,15.62337257,0,46
Adams,IN,2.795091819,0,101.4
Adams,CO,0.386532437,0,378.2
Adams,NE,3.188470491,0,55.7
Adams,PA,0.97078896,0,195.5
Adams,IL,1.528234125,0,78.5
Adams,MS,3.258071873,0,69.8
Adams,WA,5.004253616,0,9.7
Adams,ID,23.28830927,0,2.9
Adams,WI,4.945598417,0,32.3
Adams,OH,3.61036898,0,48.9
Adams,IA,27.76235425,0,9.5
Addison,VT,2.719090736,0,48
Aiken,SC,0.585233391,0,149.5
Aitkin,MN,6.294850812,0,8.9
Alachua,FL,0.371687797,0,282.7
Alamance,NC,1.769817532,0,356.5
Alameda,CA,0.059832624,0,2043.6
Alamosa,CO,6.160290766,0,21.4
Albany,NY,0.654651627,0,581.9
Albany,WY,2.572016461,0,8.5
Albemarle,VA,0.914662032,0,137.3
Alcona,MI,9.610764056,0,16.2
Alcorn,MS,2.706140232,0,92.6
Aleutians East Borough,AK,29.96703626,0,0.4
Aleutians West Census Area,AK,53.24813632,0,1.3
Alexander,NC,2.666880017,0,143.1
Alexander,IL,17.35809755,0,35
Alexandria city,VA,0.627242392,0,9314.3
Alfalfa,OK,17.53770607,0,6.5
Alger,MI,10.97935881,0,10.5
Allamakee,IA,14.61240593,0,22.4
Allegan,MI,0.846876297,0,135
Allegany,NY,4.339241934,0,47.6
Allegany,MD,1.420131788,0,177
Alleghany,NC,8.979078747,0,47.5
Alleghany,VA,6.729475101,0,36.5
Allegheny,PA,0.082233799,0,1675.6
Allen,IN,0.263644249,0,540.6
Allen,KY,4.691531785,0,58
Allen,LA,7.804268935,0,33.8
Allen,OH,1.954060048,0,264.2
Allendale,SC,11.51012891,0,25.5
Alpena,MI,3.520506953,0,51.8
Alpine,CA,88.57395926,0,1.6
Amador,CA,2.5155967,0,64.1
Amelia,VA,7.607455306,0,35.7
Amherst,VA,3.16405632,0,68.3
Amite,MS,8.132064731,0,18
Anchorage,AK,0.347222222,0,171.2
Anderson,SC,0.987371518,0,261.6
Anderson,TN,1.299072462,0,222.8
Anderson,KY,4.396184112,4.396184112,106.1
Anderson,TX,1.732051615,0,55
Anderson,KS,12.72588445,0,14
Andrew,MO,5.645889792,0,40
Andrews,TX,5.346164127,0,9.9
Androscoggin,ME,0.923557173,0,230.2
Angelina,TX,1.153203021,0,108.8
Anne Arundel,MD,0.172641799,0,1295.9
Anoka,MN,0.280174044,0,782.1
Anson,NC,4.090648777,0,50.7
Antelope,NE,15.87805653,0,7.8
Antrim,MI,8.574858515,0,49.6
Apache,AZ,4.173216298,0,6.4
Appanoose,IA,8.047642041,0,25.9
Appling,GA,10.87784184,0,36
Appomattox,VA,6.284960091,0,44.9
Aransas,TX,4.253509145,0,91.9
Arapahoe,CO,0.152302045,0,716.7
Archer,TX,11.69180405,0,10
Archuleta,CO,7.12809181,0,8.9
Arenac,MI,6.719075455,0,43.8
Arkansas,AR,5.718860803,0,19.2
Arlington,VA,0.84444482,0,7993.6
Armstrong,PA,1.544759404,0,105.5
Armstrong,TX,52.99417064,0,2.1
Aroostook,ME,1.491313101,0,10.8
Ascension,LA,0.789864459,0,369.7
Ashe,NC,3.67606514,0,64
Ashland,OH,1.869718047,0,125.6
Ashland,WI,6.425909266,0,15.5
Ashley,AR,5.087246274,0,23.6
Ashtabula,OH,1.028372806,0,144.6
Asotin,WA,4.42830573,0,34
Assumption,LA,4.568087342,0,69.2
Atascosa,TX,3.90983911,0,36.8
Atchison,MO,19.44390434,0,10.4
Atchison,KS,6.221613887,0,39.3
Athens,OH,1.530760635,0,128.6
Atkinson,GA,36.74219228,0,24.7
Atlantic,NJ,1.137785869,0,494.1
Atoka,OK,7.268498328,0,14.5
Attala,MS,5.502366017,0,26.6
Audrain,MO,3.938868757,0,36.9
Audubon,IA,18.19505095,0,13.8
Auglaize,OH,2.190292623,0,114.5
Augusta,VA,1.323486593,0,76.3
Aurora,SD,36.35041803,0,3.8
Austin,TX,3.329781566,0,44
Autauga,AL,1.789901376,0,91.8
Avery,NC,5.695733895,0,72
Avoyelles,LA,2.491032284,0,50.5
Baca,CO,27.92516057,0,1.5
Bacon,GA,8.957362952,0,42.9
Bailey,TX,14.28571429,0,8.7
Baker,FL,3.423485108,0,46.3
Baker,GA,98.74917709,32.91639236,10.1
Baker,OR,6.201935004,0,5.3
Baldwin,AL,0.447960436,0,114.6
Baldwin,GA,4.455335264,0,177.3
Ballard,KY,12.67748479,0,33.4
Baltimore,MD,0.120864909,0,1345.5
Baltimore city,MD,0.168494836,0,7671.5
Bamberg,SC,14.21868335,0,40.6
Bandera,TX,4.326756663,0,25.9
Banks,GA,5.199126547,0,79.3
Banner,NE,134.2281879,0,0.9
Bannock,ID,2.277696793,0,74.5
Baraga,MI,12.18175174,0,9.9
Barber,KS,22.58866049,0,4.3
Barbour,WV,6.082355088,0,48.6
Barbour,AL,4.050879041,0,31
Barnes,ND,19.20307249,0,7.4
Barnstable,MA,0.469505611,0,548.3
Barnwell,SC,4.792485383,0,41.2
Barren,KY,2.259938078,0,86.5
Barron,WI,6.630713465,0,53.2
Barrow,GA,1.201345507,1.201345507,432.7
Barry,MI,1.62469537,0,107
Barry,MO,2.794154629,0,45.7
Bartholomew,IN,1.193616539,0,188.7
Barton,KS,3.879126421,0,30.9
Barton,MO,8.507742045,0,21
Bartow,GA,2.784532848,0,217.9
Bastrop,TX,1.127103457,0,83.5
Bates,MO,6.183527084,0,20.4
Bath,KY,8,0,41.6
Baxter,AR,2.384813508,0,74.9
Bay,MI,0.969687567,0,243.7
Bay,FL,0.572393463,0,222.6
Bayfield,WI,6.650704975,0,10.2
Baylor,TX,85.49444286,0,4.3
Beadle,SD,5.419173034,0,13.8
Beaufort,SC,1.561507792,0,281.5
Beaufort,NC,4.255862451,0,57.7
Beauregard,LA,2.666880017,0,30.8
Beaver,PA,0.610020192,0,392.3
Beaver,OK,18.82884579,0,3.1
Beaverhead,MT,10.57865228,0,1.7
Becker,MN,2.905034425,0,24.7
Beckham,OK,4.574774692,0,24.5
Bedford,VA,1.265870856,0,91.2
Bedford,TN,2.011546276,0,95.1
Bedford,PA,4.176411627,0,49.2
Bee,TX,3.070781514,0,36.2
Belknap,NH,3.262483076,0,150.1
Bell,TX,0.275539782,0,295.2
Bell,KY,3.841425937,0,79.9
Belmont,OH,2.984807331,0,132.3
Beltrami,MN,2.119182843,0,17.7
Ben Hill,GA,5.988023952,0,70.5
Benewah,ID,10.75500108,0,12
Bennington,VT,2.819283902,0,55
Benson,ND,29.27400468,0,4.8
Bent,CO,17.93078716,0,4.3
Benton,MN,2.445645528,0,94.2
Benton,OR,1.074656379,0,126.6
Benton,WA,0.489260727,0.489260727,103
Benton,AR,0.358241892,0,261.2
Benton,IA,7.798791187,0,36.4
Benton,MS,12.10800339,0,21.5
Benton,MO,5.143239212,0,27.1
Benton,TN,6.188118812,0,41.8
Benton,IN,22.86236854,0,21.8
Benzie,MI,11.25745807,0,54.8
Bergen,NJ,0.107272887,0,3884.5
Berkeley,SC,0.438775465,0,161.8
Berkeley,WV,1.678260651,0,324.4
Berks,PA,0.237437198,0,480.4
Berkshire,MA,0.800358561,0,141.6
Bernalillo,NM,0.147249165,0,570.8
Berrien,MI,1.303772466,0,276.2
Berrien,GA,5.155436408,0,42.7
Bertie,NC,10.55576081,0,30.4
Bethel Census Area,AK,5.438920918,0,0.4
Bexar,TX,0.049911308,0,1383.1
Bibb,GA,0.65291625,0,622.8
Bibb,AL,8.930963651,0,36.8
Bienville,LA,7.552299675,0,17.7
Big Horn,MT,7.508071177,0,2.6
Big Horn,WY,8.481764207,0,3.7
Big Stone,MN,20.03606492,0,10.6
Bingham,ID,2.136250027,0,21.8
Black Hawk,IA,0.762032493,0,231.7
Blackford,IN,8.504847763,0,77.3
Bladen,NC,3.056047919,0,40.2
Blaine,ID,8.687719908,0,8.1
Blaine,OK,10.60557853,0,12.9
Blair,PA,0.820822628,0,241.7
Blanco,TX,8.381527114,0,14.8
Bleckley,GA,7.768197001,0,60.5
Bledsoe,TN,13.27668614,0,31.7
Blount,TN,0.751382544,0,220.2
Blount,AL,1.729325909,0,88.9
Blue Earth,MN,1.478131051,0,85.6
Bolivar,MS,6.529972574,0,39
Bollinger,MO,8.24198467,0,20
Bon Homme,SD,14.49065353,0,12.5
Bond,IL,6.087909412,0,46.7
Bonner,ID,2.186318022,0,23.6
Bonneville,ID,0.83989854,0,55.9
Boone,IN,1.473991421,0,133.9
Boone,MO,0.55413021,0,237.3
Boone,AR,2.671511007,0,62.5
Boone,KY,1.497218916,0,482.3
Boone,IA,3.811847221,0,46
Boone,IL,5.602868669,0,193
Boone,WV,4.660483758,0,49.1
Boone,NE,19.26040062,0,8
Bosque,TX,5.35188654,0,18.5
Bossier,LA,0.787159849,0,139.3
Botetourt,VA,2.992309764,0,61.2
Bottineau,ND,15.91849729,0,3.9
Boulder,CO,0.306564152,0,405.6
Bourbon,KY,5.053567819,0,69
Bourbon,KS,6.880418329,0,23.9
Bowie,TX,1.072443563,0,104.6
Bowman,ND,33.06878307,0,2.7
Box Butte,NE,9.273856997,0,10.5
Box Elder,UT,1.784248653,0,8.7
Boyd,KY,8.56201036,0,309.9
Boyd,NE,52.11047421,0,3.9
Boyle,KY,3.326679973,0,157.8
Bracken,KY,12.04383958,0,41.3
Bradford,FL,3.545973547,0,97
Bradford,PA,1.657742486,0,54.6
Bradley,AR,9.291089845,0,17.7
Bradley,TN,0.924983813,0,301
Branch,MI,4.595905049,0,89.4
Brantley,GA,15.69940866,0,41.6
Braxton,WV,7.164863509,0,28.4
Brazoria,TX,0.534382147,0,230.7
Brazos,TX,0.436279236,0,332.8
Breathitt,KY,7.917656374,0,28.2
Breckinridge,KY,9.767055721,0,35.4
Bremer,IA,3.990104541,0,55.7
Brevard,FL,0.166128963,0,535
Brewster,TX,10.86602195,0,1.5
Briscoe,TX,64.68305304,0,1.8
Bristol,MA,0.176923199,0,991.3
Bristol,RI,10.3137441,0,2064
Bristol Bay Borough,AK,119.6172249,0,2
Bristol city,VA,5.965875194,0,1370.6
Broadwater,MT,16.03334937,0,4.7
Brooke,WV,4.558092894,0,269.8
Brookings,SD,2.850870941,0,40.3
Brooks,GA,6.469560717,0,32.9
Brooks,TX,14.09840688,0,7.7
Broome,NY,0.524967452,0,284.2
Broomfield,CO,1.419144256,0,1691.9
Broward,FL,0.102418196,0,1444.9
Brown,WI,0.378011809,0,468.2
Brown,TX,2.641031059,0,40.3
Brown,SD,2.574731584,0,21.3
Brown,IN,6.626027034,0,48.9
Brown,OH,2.302449807,0,91.5
Brown,MN,7.997440819,0,42.4
Brown,IL,15.20218912,0,22.7
Brown,KS,10.4558762,0,17.5
Brule,SD,37.75722107,0,6.4
Brunswick,NC,0.700182047,0,126.8
Brunswick,VA,6.161049843,0,30.8
Bryan,GA,5.047063871,0,69.3
Bryan,OK,2.08355037,0,46.9
Buchanan,IA,4.722550177,0,36.7
Buchanan,MO,2.289272469,0,218.6
Buchanan,VA,4.760997905,0,47.9
Buckingham,VA,11.66316772,0,29.6
Bucks,PA,0.318334474,0,1034.7
Buena Vista,IA,5.096839959,0,35.2
Buena Vista city,VA,15.43686323,0,991.9
Buffalo,NE,2.013733664,0,47.6
Buffalo,WI,7.674008134,0,20.2
Buffalo,SD,50.96839959,0,4.1
Bullitt,KY,2.44869974,0,250.2
Bulloch,GA,1.25615516,0,104.4
Bullock,AL,19.8000198,0,17.5
Buncombe,NC,0.382861584,0,362.9
Bureau,IL,3.064852274,0,40.2
Burke,GA,4.467676362,0,28.2
Burke,NC,2.210311101,0,179.3
Burke,ND,94.56264775,0,1.8
Burleigh,ND,2.091481396,0,49.8
Burleson,TX,5.42211137,0,26.1
Burlington,NJ,0.449085998,0,561.9
Burnet,TX,2.076627557,0,43
Burnett,WI,6.487608667,6.487608667,18.8
Burt,NE,15.4822728,0,14
Butler,KS,1.494522575,0,46.1
Butler,OH,1.044021152,0,788.2
Butler,PA,0.532331131,0,233.1
Butler,AL,5.141916907,0,27
Butler,IA,6.925687374,0,25.6
Butler,KY,7.764577995,0,29.8
Butler,MO,2.3541598,0,61.6
Butler,NE,12.4750499,0,14.4
Butte,CA,0.456233519,0,134.4
Butts,GA,8.020532563,0,128.3
Cabarrus,NC,0.461994059,0,492.1
Cabell,WV,1.087606721,0,342.8
Cache,UT,1.558980115,0,96.7
Caddo,LA,0.416312801,0,290.2
Caddo,OK,3.476809679,0,23.2
Calaveras,CA,4.356823875,0,44.7
Calcasieu,LA,0.491555084,0,181.2
Caldwell,NC,1.216870695,0,176.1
Caldwell,TX,2.290216196,0,69.8
Caldwell,MO,11.0864745,0,22.1
Caldwell,LA,10.08267796,0,19.1
Caldwell,KY,7.844983133,0,37.7
Caledonia,VT,3.334111293,0,48.1
Calhoun,SC,6.871435443,0,39.8
Calhoun,AL,0.880242947,0,195.7
Calhoun,MI,0.745384208,0,192.8
Calhoun,MS,6.963303391,0,25.5
Calhoun,GA,16.15769914,0,23.9
Calhoun,TX,9.394081729,0,42.2
Calhoun,FL,7.089684509,0,25.8
Calhoun,IL,21.10149821,0,20
Calhoun,WV,14.06667604,0,27.3
Calhoun,IA,10.34340091,0,17
Callahan,TX,7.172057663,0,15.1
Callaway,MO,2.234986478,0,53.1
Calloway,KY,2.56403682,0,96.6
Calumet,WI,1.996446326,0,153.9
Calvert,MD,1.080788976,0,416.3
Camas,ID,90.4159132,0,1
Cambria,PA,0.76809635,0,208.7
Camden,NJ,0.197444671,0,2321.5
Camden,MO,2.159593996,0,67.1
Camden,GA,1.829290601,0,82.4
Camden,NC,9.202171713,0,41.5
Cameron,TX,0.236315557,0,456
Cameron,PA,22.48706993,0,12.8
Cameron,LA,14.34102969,0,5.3
Camp,TX,7.637085688,0,63.3
Campbell,TN,2.509914161,0,84.8
Campbell,WY,2.157916316,0,9.6
Campbell,KY,2.137117456,0,597
Campbell,VA,1.821991437,0,108.8
Canadian,OK,0.674281553,0,128.9
Candler,GA,9.256687957,0,45.3
Cannon,TN,6.812917291,0,52
Canyon,ID,0.43506824,0,321.6
Cape Girardeau,MO,1.267893142,0,130.8
Cape May,NJ,1.086495942,0,386.9
Carbon,WY,6.756756757,0,2
Carbon,PA,1.558069241,0,171.1
Carbon,MT,9.324009324,0,4.9
Carbon,UT,4.886868983,0,14.5
Caribou,ID,13.97624039,0,3.9
Carlisle,KY,21.00840336,0,26.9
Carlton,MN,2.787767277,0,41.1
Caroline,MD,2.993474226,0,103.5
Caroline,VA,3.2546786,0,54.1
Carroll,IA,4.959087528,0,36.6
Carroll,MD,0.593658539,0,373.4
Carroll,NH,2.044571662,0,51.4
Carroll,GA,11.6674445,0,221.5
Carroll,TN,3.601397342,0,47.6
Carroll,OH,3.715538382,0,73.1
Carroll,IN,4.936565138,0,54.1
Carroll,IL,6.99056274,0,34.6
Carroll,KY,9.406452827,0,84.1
Carroll,MS,10.0532824,0,16.9
Carroll,VA,3.356718472,0,63.3
Carroll,AR,3.523608175,0,43.6
Carroll,MO,11.52206475,0,13.4
Carson,TX,16.87478907,0,6.7
Carson City,NV,1.788396881,0,382.1
Carter,OK,2.07852674,0,57.8
Carter,MO,16.71681712,0,12.3
Carter,TN,1.773332624,0,168.3
Carter,KY,3.731761018,0,67.7
Carteret,NC,1.439408115,0,131.3
Carver,MN,0.95157438,0,256.9
Cascade,MT,3.687043728,0,30.1
Casey,KY,6.188501764,0,35.9
Cass,NE,3.809814081,0,45.3
Cass,MO,0.945358291,0,142.8
Cass,ND,0.549683108,0,84.9
Cass,TX,3.330446946,0,32.5
Cass,MN,3.358071124,0,14.1
Cass,MI,1.930986541,0,106.7
Cass,IN,2.653294065,0,94.5
Cass,IA,7.790588969,0,24.7
Cass,IL,16.46497077,0,36.3
Cassia,ID,4.161464836,0,8.9
Castro,TX,13.28021248,0,9
Caswell,NC,4.423995753,0,55.8
Catahoula,LA,10.53296819,0,14.7
Catawba,NC,0.626758842,0,387.1
Catoosa,GA,1.47972773,0,394.3
Catron,NM,28.35270768,0,0.5
Cattaraugus,NY,1.313766964,0,61.4
Cayuga,NY,2.611784371,0,115.7
Cecil,MD,0.972242477,0,292
Cedar,IA,5.368551028,0,31.9
Cedar,MO,34.84563384,0,29.5
Cedar,NE,23.80385622,0,12
Centre,PA,0.615820427,0,138.7
Cerro Gordo,IA,4.711425206,0,77.7
Chaffee,CO,9.825112989,0,17.6
Chambers,AL,3.007157034,0,57.4
Chambers,TX,4.562356001,0,58.8
Champaign,IL,0.953793475,0,201.8
Champaign,OH,2.57168574,0,93.5
Chariton,MO,13.46619984,0,10.4
Charles,MD,0.612531163,0,320.2
Charles City,VA,14.36162574,0,39.7
Charles Mix,SD,10.76194576,0,8.3
Charleston,SC,0.243068891,0,382.3
Charlevoix,MI,3.82511571,0,62.3
Charlotte,FL,0.529352602,0,235.2
Charlotte,VA,8.417508418,0,26.5
Charlottesville city,VA,2.115685694,0,4246.4
Charlton,GA,7.467144564,0,15.7
Chase,KS,37.76435045,0,3.6
Chase,NE,25.4841998,0,4.4
Chatham,NC,1.342822613,0,93.1
Chatham,GA,0.691013371,0,621.7
Chattahoochee,GA,9.168423948,0,45.3
Chattooga,GA,4.03404736,0,83
Chautauqua,NY,0.788003436,0,127.2
Chautauqua,KS,30.76923077,0,5.7
Chaves,NM,6.190513039,0,10.8
Cheatham,TN,2.458996238,0,129.3
Cheboygan,MI,3.956322203,0,36.6
Chelan,WA,1.295336788,0,24.8
Chemung,NY,1.198236196,0,218.1
Chenango,NY,2.118329909,0,56.5
Cherokee,GA,0.38643908,0,508.3
Cherokee,KS,5.015296655,0,36.8
Cherokee,NC,13.98014819,0,60.3
Cherokee,AL,3.817376699,0,46.9
Cherokee,OK,2.055202746,0,62.7
Cherokee,TX,1.899479543,0,48.3
Cherokee,SC,1.745200698,0,140.9
Cherokee,IA,8.900756564,0,20.9
Cherry,NE,17.57778168,0,1
Chesapeake city,VA,0.408438336,0,652
Cheshire,NH,1.314319511,0,109.1
Chester,PA,0.190480181,0,664.7
Chester,TN,5.781349367,0,60
Chester,SC,3.10135219,0,57.1
Chesterfield,VA,0.283445105,0,747.1
Chesterfield,SC,2.190580504,0,58.5
Cheyenne,NE,11.22334456,0,8.4
Cheyenne,KS,37.63643207,0,2.7
Cheyenne,CO,109.229929,0,1
Chickasaw,MS,5.84692744,0,34.7
Chickasaw,IA,8.38012235,0,24.7
Chicot,AR,9.883376161,0,18.3
Childress,TX,13.68738024,0,10.1
Chilton,AL,2.250832808,0,63
Chippewa,WI,1.546599029,0,61.9
Chippewa,MI,2.677447857,0,24.7
Chippewa,MN,8.474576271,0,21.4
Chisago,MN,1.767440216,0,129.9
Chittenden,VT,0.610597531,0,291.7
Choctaw,MS,12.18026797,0,20.4
Choctaw,AL,7.943442688,0,15.2
Choctaw,OK,6.815703381,0,19.7
Chowan,NC,7.172057663,0,85.8
Christian,KY,1.419224819,0,103.1
Christian,IL,3.095591877,0,49.1
Christian,MO,2.257463739,0,137.6
Churchill,NV,4.014613192,0,5
Cibola,NM,3.748828491,0,6
Cimarron,OK,46.79457183,0,1.3
Citrus,FL,0.668194605,0,242.8
Clackamas,OR,0.239127472,0,201
Claiborne,LA,6.381620932,0,22.8
Claiborne,TN,3.129009043,0,74.1
Claiborne,MS,11.12594571,0,19.7
Clallam,WA,1.293142466,0,41.1
Clare,MI,3.231017771,0,54.8
Clarendon,SC,2.963401985,0,57.6
Clarion,PA,2.601592174,0,66.6
Clark,NV,0.044116706,0,247.3
Clark,WA,0.204816883,0,676.2
Clark,KY,2.757631746,0,141.1
Clark,IN,0.845294247,0,295.6
Clark,OH,0.745806702,0,348
Clark,AR,4.480286738,0,26.6
Clark,WI,2.875711739,0,28.7
Clark,SD,26.76659529,0,3.9
Clark,IL,6.476264491,0,32.6
Clark,MO,14.71237311,0,14.1
Clark,KS,50.15045135,0,2.3
Clarke,GA,1.558469894,0,979.1
Clarke,MS,6.434592369,0,24.2
Clarke,VA,6.840413161,0,79.7
Clarke,AL,8.4666836,0,20.9
Clarke,IA,10.64395955,0,21.5
Clatsop,OR,2.486077963,0,44.7
Clay,FL,0.456096182,0,315.8
Clay,MN,1.557098813,0,56.4
Clay,MS,5.177055291,0,50.3
Clay,MO,1.200249652,0,558.6
Clay,AL,7.555723461,0,23.1
Clay,KS,12.49687578,0,13.2
Clay,IN,3.813155386,0,75.2
Clay,SD,14.21464108,0,33.6
Clay,GA,35.2858151,0,16.3
Clay,IA,6.243756244,0,29.4
Clay,NC,8.903926632,0,49.3
Clay,TN,13.13197636,0,33.2
Clay,TX,9.550186229,0,9.9
Clay,AR,6.872379905,0,25.2
Clay,NE,16.12123166,0,11.4
Clay,IL,7.584951456,0,29.5
Clay,KY,5.024873122,0,46.3
Clay,WV,11.75364363,0,27.5
Clayton,GA,0.684331545,0,1832.5
Clayton,IA,5.698330389,0,23.3
Clear Creek,CO,10.30927835,0,23
Clearfield,PA,1.261750047,0,71.3
Clearwater,MN,11.34044001,0,8.7
Cleburne,AR,4.013002127,0,46.9
Cleburne,AL,6.706908115,0,26.7
Clermont,OH,0.968860813,0,436.5
Cleveland,OK,0.352095319,0,474.7
Cleveland,AR,12.56913022,0,14.5
Cleveland,NC,1.020960315,0,211.3
Clinch,GA,15.11030523,0,8.5
Clinton,IL,2.662265055,0,79.7
Clinton,NY,1.242467541,0,79.1
Clinton,MI,1.256360324,0,133.1
Clinton,OH,2.382767823,0,102.9
Clinton,MO,4.905086575,0,49.5
Clinton,IN,3.086515016,0,82
Clinton,IA,2.153826272,0,70.7
Clinton,PA,2.588527645,0,44.2
Clinton,KY,9.786651008,0,52.1
Cloud,KS,11.38174368,0,13.3
Coahoma,MS,9.039956608,0,47.3
Coal,OK,18.19836215,0,11.5
Cobb,GA,0.131554541,0,2026.4
Cochise,AZ,0.794142406,0,21.3
Cochran,TX,35.05082369,0,4
Cocke,TN,2.77746917,0,82.1
Coconino,AZ,0.69698068,0,7.2
Codington,SD,3.570280981,0,39.5
Coffee,GA,2.310909805,0,73.7
Coffee,TN,1.769285209,0,123.1
Coffee,AL,5.731534905,0,73.6
Coffey,KS,12.22643355,0,13.7
Coke,TX,29.52465309,0,3.6
Colbert,AL,1.810249633,0,91.8
Cole,MO,1.303016483,0,193
Coleman,TX,12.2324159,0,7
Coles,IL,1.975464728,0,106
Colfax,NE,9.33794005,0,25.5
Colfax,NM,8.374507998,0,3.7
Colleton,SC,2.65413913,0,36.8
Collier,FL,0.779419177,0,160.9
Collin,TX,0.096643569,0,930
Collingsworth,TX,34.24657534,0,3.3
Colonial Heights city,VA,23.02820956,0,2315.3
Colorado,TX,9.305355232,0,21.7
Colquitt,GA,2.192982456,0,83.6
Columbia,WA,25.09410289,0,4.7
Columbia,GA,0.638105083,0,427.6
Columbia,WI,6.952652437,0,74.2
Columbia,NY,1.681774609,0,99.4
Columbia,FL,2.789945038,0,84.7
Columbia,PA,1.539314082,0,139.3
Columbia,AR,4.263119751,0,32.1
Columbia,OR,1.910073729,0,75.1
Columbiana,OH,0.981518016,0,202.7
Columbus,NC,1.80154212,0,62
Colusa,CA,4.641017311,0,18.6
Comal,TX,1.92050394,0,193.9
Comanche,OK,2.484492625,0,116.1
Comanche,TX,7.33406674,0,14.9
Comanche,KS,58.82352941,0,2.4
Concho,TX,36.68378577,0,4.2
Concordia,LA,15.57713277,0,29.9
Conecuh,AL,8.287063893,0,15.6
Conejos,CO,12.18769043,0,6.4
Contra Costa,CA,0.08669072,0,1465.2
Converse,WY,7.234843004,0,3.3
Conway,AR,4.797083373,0,38.5
Cook,IL,0.019416597,0,5495.1
Cook,GA,5.790387956,0,75.8
Cook,MN,18.30496064,0,3.6
Cooke,TX,2.423831107,0,43.9
Cooper,MO,5.646846236,0,31.2
Coos,NH,3.168266641,0,18.4
Coos,OR,1.550700141,0,39.5
Coosa,AL,18.75644753,0,17.7
Copiah,MS,3.563156957,0,37.9
Corson,SD,24.47381302,0,1.6
Cortland,NY,2.101679242,0,98.9
Coryell,TX,1.316638359,0,71.7
Coshocton,OH,5.464480874,0,65.4
Costilla,CO,25.72678158,0,2.9
Cottle,TX,71.53075823,0,1.7
Cotton,OK,17.64913519,0,9.8
Cottonwood,MN,8.931761343,0,18.3
Covington,AL,5.398256363,0,36.6
Covington,MS,5.36595836,0,47.3
Covington city,VA,18.05706031,0,1090.2
Coweta,GA,1.346719727,0,288.8
Cowley,KS,2.864672854,0,32.3
Cowlitz,WA,1.808432722,0,89.8
Craig,OK,7.071135624,0,19.7
Craig,VA,38.97875658,0,15.7
Craighead,AR,0.906355364,0,136.4
Crane,TX,20.84636231,0,5.6
Craven,NC,0.97905795,0,146
Crawford,AR,1.580852712,0,104.4
Crawford,OH,2.409986986,0,109
Crawford,KS,2.576124478,0,66.4
Crawford,PA,1.181628047,0,87.7
Crawford,MI,7.12809181,0,25.3
Crawford,IN,9.454476695,0,35.1
Crawford,IL,5.357047196,0,44.7
Crawford,IA,5.94530321,0,23.9
Crawford,MO,4.180602007,0,33.3
Crawford,WI,6.199243692,0,29.2
Crawford,GA,8.061915511,0,38.9
Creek,OK,6.99085596,0,73.6
Crenshaw,AL,7.261109498,0,22.8
Crisp,GA,13.40961917,0,86
Crittenden,AR,2.085288291,0,83.5
Crittenden,KY,11.35589371,0,25.9
Crockett,TN,21.08222066,0,54.9
Crockett,TX,28.86836028,0,1.3
Crook,OR,4.097688903,0,7
Crook,WY,13.18565401,0,2.5
Crosby,TX,17.43071292,0,6.7
Cross,AR,6.090504903,0,29
Crow Wing,MN,1.537160864,0,62.6
Crowley,CO,16.49892757,16.49892757,7.4
Cullman,AL,1.193773279,0,109.4
Culpeper,VA,3.80191997,0,123.1
Cumberland,ME,0.338979604,0,337.2
Cumberland,PA,1.184039152,0,431.6
Cumberland,IL,9.288500836,0,31.9
Cumberland,TN,1.652346332,0,82.3
Cumberland,NJ,0.668775539,0,324.4
Cumberland,NC,0.596109195,0,489.7
Cumberland,KY,15.1194436,0,22.5
Cumberland,VA,10.06846557,0,33.8
Cuming,NE,11.30454443,0,16
Currituck,NC,3.601916219,0,89.9
Curry,NM,2.042733995,0,34.4
Curry,OR,8.724100327,0,13.7
Custer,OK,3.447919181,0,27.8
Custer,ID,23.17497103,0,0.9
Custer,CO,19.73164957,0,5.8
Custer,NE,9.279020135,9.279020135,4.2
Custer,SD,11.14578689,0,5.3
Custer,MT,8.770391159,0,3.1
Cuyahoga,OH,0.242900819,0,2800
Dade,GA,6.205013651,0,95.6
Dakota,MN,0.233088823,0,709
Dakota,NE,9.987016878,0,79.5
Dale,AL,2.033677703,0,89.6
Dallam,TX,13.72306848,0,4.5
Dallas,TX,0.075886468,0,2718
Dallas,IA,1.070056606,0,112.4
Dallas,AL,5.37692225,0,44.8
Dallas,AR,14.26737052,0,12.2
Dallas,MO,5.924872615,0,31
Dane,WI,0.182917349,0,407.7
Danville city,VA,2.497253022,0,1002.8
Dare,NC,2.702045448,0,88.5
Darke,OH,1.956449436,0,88.5
Darlington,SC,1.5010958,0,122.4
Dauphin,PA,0.359325761,0,510.6
Davidson,TN,0.144062327,0,1243.3
Davidson,NC,0.596626673,0,294.7
Davie,NC,2.333940158,0,156.2
Daviess,KY,0.985114914,0,210.9
Daviess,IN,5.996821685,0,73.7
Daviess,MO,12.08021261,0,15
Davis,UT,0.281308987,0,1025.8
Davis,IA,11.11111111,0,17.4
Davison,SD,10.11378003,5.056890013,44.8
Dawes,NE,11.64279893,0,6.6
Dawson,GA,3.830243603,0,105.9
Dawson,NE,4.238186056,0,24
Dawson,TX,7.856693903,0,15.4
Day,SD,18.43657817,0,5.6
De Soto,LA,7.28252558,0,30.4
De Witt,IL,6.394679627,0,41.7
Deaf Smith,TX,5.391998275,0,12.9
Dearborn,IN,4.043835173,0,164.1
Decatur,IN,22.59121202,0,69.1
Decatur,GA,3.787304954,0,46.6
Decatur,TN,8.574123296,0,35.2
Decatur,IA,12.7064803,0,15.9
Deer Lodge,MT,10.94091904,0,12.6
Defiance,OH,5.251135558,0,94.9
DeKalb,GA,0.263401541,0,2585.7
DeKalb,IL,0.95331611,0,166.6
DeKalb,TN,4.880429478,0,61.5
DeKalb,IN,2.300172513,0,116.4
DeKalb,AL,1.398347154,0,91.5
DeKalb,MO,7.970032677,0,30.6
Del Norte,CA,3.595570257,0,28.4
Delaware,PA,0.176445574,0,3040.5
Delaware,NY,2.265775462,0,33.3
Delaware,OH,0.478064032,0,393.2
Delaware,IN,0.87615543,0.87615543,300.1
Delaware,OK,2.325094748,0,56.2
Delaware,IA,5.878549174,0,30.7
Delta,CO,3.209036647,0,27.1
Delta,MI,2.794545048,0,31.7
Delta,TX,18.75820672,0,20.4
Dent,MO,6.42137032,0,20.8
Denton,TX,0.112713268,0,754.3
Denver,CO,0.275023343,0,3922.6
Des Moines,IA,2.566274027,0,96.9
Deschutes,OR,0.505837363,0,52.3
Desha,AR,8.802042074,0,16.9
DeSoto,MS,0.54070129,0,338.7
DeSoto,FL,2.631509697,0,54.7
Deuel,SD,22.98322225,0,7
Dewey,OK,20.44571662,0,4.8
Dewey,SD,16.97216565,0,2.3
DeWitt,TX,4.96031746,0,22.1
Dickens,TX,45.22840344,0,2.7
Dickey,ND,20.52545156,0,4.7
Dickinson,IA,5.794414185,0,43.8
Dickinson,MI,3.962122113,0,34.4
Dickinson,KS,5.415357955,0,23.3
Dickson,TN,3.707273671,0,101.4
Dillingham Census Area,AK,20.34174125,0,0.3
Dillon,SC,3.280947538,0,79.2
Dimmit,TX,9.877518767,0,7.5
Dinwiddie,VA,3.503363229,0,55.6
District of Columbia,,0.141693435,0,9856.6
Divide,ND,44.16961131,0,1.6
Dixie,FL,5.943183169,0,23.3
Dixon,NE,17.7430802,0,12.6
Do√±a Ana,NM,0.458305644,0,55
Dodge,MN,4.776917933,0,45.7
Dodge,WI,2.276892952,0,101.4
Dodge,GA,4.853190973,0,44
Dodge,NE,2.734855736,0,69.4
Doniphan,KS,13.15789474,0,20.2
Donley,TX,30.50640635,0,4
Dooly,GA,22.40477969,0,38.1
Door,WI,3.614283649,0,57.6
Dorchester,SC,0.614216659,0,238.2
Dorchester,MD,3.131949012,0,60.3
Dougherty,GA,6.821592614,0,287.7
Douglas,NE,1.750311118,0,1574.4
Douglas,CO,0.284775341,0,339.7
Douglas,OR,0.901063255,0,21.4
Douglas,KS,0.817935694,0,243.1
Douglas,GA,0.683326158,0,661.8
Douglas,WI,2.317497103,0,33.9
Douglas,NV,2.044780697,0,66.2
Douglas,WA,2.302608856,0,21.1
Douglas,IL,5.137426149,0,48
Douglas,MN,2.621850502,0,56.5
Douglas,SD,34.23485108,0,7
Douglas,MO,7.584376185,0,16.8
Drew,AR,5.488775454,0,22.3
Dubois,IN,2.339947585,0,98
Dubuque,IA,1.027633053,0,154
Duchesne,UT,5.015548199,0,5.7
Dukes,MA,5.76967459,0,160.2
Dunklin,MO,3.432769215,0,59.1
Dunn,WI,2.204196791,0,51.6
Dunn,ND,22.6039783,0,1.8
DuPage,IL,0.108351636,0,2799.8
Duplin,NC,1.702388451,0,71.7
Durham,NC,0.311053601,0,935.7
Dutchess,NY,0.339884032,0,373.9
Duval,FL,0.104410836,0,1133.9
Duval,TX,8.962982881,0,6.6
Dyer,TN,2.691138082,0,74.8
Eagle,CO,1.813993143,0,31
Early,GA,19.62708538,9.813542689,21.5
East Baton Rouge,LA,0.227242256,0,966.6
East Carroll,LA,14.57513482,0,18.4
East Feliciana,LA,20.90410243,0,44.7
Eastland,TX,10.89324619,0,20.1
Eaton,MI,1.813762832,0,187.3
Eau Claire,WI,0.955602699,0,154.8
Echols,GA,24.96255617,0,9.7
Ector,TX,1.804804389,0,152.8
Eddy,NM,1.710571331,1.710571331,12.9
Eddy,ND,43.72540446,0,3.8
Edgar,IL,5.827166249,0,29.8
Edgecombe,NC,1.942803855,0,111.9
Edgefield,SC,3.668378577,0,53.9
Edmonson,KY,16.46090535,0,40.2
Edmunds,SD,26.1164795,0,3.6
Edwards,KS,35.73981415,0,4.9
Edwards,IL,31.27443315,0,30.2
Effingham,GA,1.555306706,0,109.4
Effingham,IL,2.940484592,0,71.5
El Dorado,CA,1.037113092,0,106
El Paso,CO,0.138811193,0,292.6
El Paso,TX,0.11915571,0,790.6
Elbert,CO,11.22376445,0,12.5
Elbert,GA,5.209961446,0,57.4
Elk,PA,6.686726847,0,38.6
Elkhart,IN,0.484634658,0,426.5
Elko,NV,1.894728864,0,2.8
Elliott,KY,13.30317946,0,33.5
Ellis,TX,1.082098839,0,159.9
Ellis,KS,3.502258957,0,31.6
Ellsworth,KS,16.38806949,0,9.1
Elmore,AL,1.231390609,0,128.2
Elmore,ID,3.634909672,0,8.8
Emanuel,GA,4.415790868,0,33.2
Emery,UT,9.988014383,0,2.5
Emmet,MI,2.992667963,0,69.9
Emmet,IA,10.86012163,0,26
Emmons,ND,30.85467448,0,2.4
Emporia city,VA,18.70557426,0,859.7
Erath,TX,2.342030072,0,35
Erie,NY,0.326547673,0,881.4
Erie,PA,0.37074386,0,351.1
Erie,OH,1.34651119,1.34651119,306.4
Escambia,FL,0.314153231,0,453.4
Escambia,AL,2.729779161,0,40.5
Essex,MA,0.126737251,0,1508.8
Essex,NJ,0.125160362,0,6211.5
Essex,NY,2.711129185,0,21.9
Essex,VT,48.67759208,0,9.5
Essex,VA,18.25983749,0,43.4
Estill,KY,7.089181908,0,58
Etowah,AL,2.933468925,0,195.2
Evangeline,LA,5.988920497,0,51.3
Evans,GA,9.386146048,0,60.2
Fairbanks North Star Borough,AK,2.065070367,0,13.3
Fairfax,VA,0.087143539,0,2766.8
Fairfax city,VA,4.163370665,0,3616.8
Fairfield,CT,0.106007217,0,1467.2
Fairfield,SC,4.474873585,0,34.9
Fairfield,OH,1.269244926,0,289.8
Fall River,SD,14.89646954,0,4.1
Falls,TX,5.781349367,0,23.3
Falls Church city,VA,13.68269823,0,6169.1
Fannin,TX,2.815790956,0,38.1
Fannin,GA,3.818542844,0,61.2
Faribault,MN,7.324397568,0,20.4
Faulk,SD,43.49717268,0,2.4
Faulkner,AR,0.793606704,0,174.8
Fauquier,VA,5.616242172,0,100.7
Fayette,KY,0.309451899,0,1042.8
Fayette,GA,0.873965443,0,548.3
Fayette,IN,4.328629556,0,112.9
Fayette,IA,5.089058524,0,28.6
Fayette,TN,2.431138016,0,54.5
Fayette,PA,0.773550753,0,172.8
Fayette,OH,3.505696757,0,71.4
Fayette,TX,3.945395723,0,25.8
Fayette,IL,4.686914136,0,30.9
Fayette,AL,6.134216661,0,27.5
Fayette,WV,2.358156865,0,69.6
Fentress,TN,5.398693516,0,36
Ferry,WA,13.11131506,0,3.4
Fillmore,MN,9.493520672,0,24.2
Fillmore,NE,18.30831197,0,10.2
Finney,KS,2.742205281,0,28.2
Fisher,TX,26.10966057,0,4.4
Flagler,FL,0.868953172,0,197.1
Flathead,MT,0.963335453,0,17.9
Fleming,KY,6.858240176,0,41.2
Florence,SC,0.723102399,0.723102399,171.1
Florence,WI,23.28288708,0,9.1
Floyd,GA,1.015249041,0,188.9
Floyd,IN,1.273528438,0,504.1
Floyd,KY,2.809856978,0,100.3
Floyd,TX,17.5070028,0,6.5
Floyd,VA,6.349609499,0,40.2
Floyd,IA,6.393044368,0,32.6
Fluvanna,VA,3.66703337,0,89.8
Fond du Lac,WI,1.934179859,0,141.2
Ford,KS,2.974508462,0,30.8
Ford,IL,7.715454054,0,29
Forest,PA,13.7988133,0,18.1
Forest,WI,11.10617503,0,9.2
Forrest,MS,1.335166963,0,160.7
Forsyth,NC,0.523156201,0,859.2
Forsyth,GA,0.409413229,0,783.5
Fort Bend,TX,0.123200047,0,679.5
Foster,ND,31.15264798,0,5.3
Fountain,IN,6.117704637,0,43.6
Franklin,KS,3.914813655,0,45.5
Franklin,OH,0.075944214,0,2186.1
Franklin,IN,8.788118464,0,60.1
Franklin,WA,1.05017748,0,62.9
Franklin,KY,1.961130396,0,237.2
Franklin,MA,1.424907381,0,102.1
Franklin,MS,12.96512382,0,14.4
Franklin,NC,5.740116237,0,123.3
Franklin,PA,0.645048927,0,193.7
Franklin,VT,4.048419092,0,75.3
Franklin,VA,1.784376004,0,81.3
Franklin,TN,2.369219105,0,74
Franklin,AL,3.188572157,0,50
Franklin,MO,0.961843662,0,110
Franklin,NY,1.999120387,0,31.7
Franklin,GA,4.282838665,0,84.5
Franklin,IL,2.599495698,0,96.8
Franklin,ME,3.311367926,0,18.1
Franklin,LA,19.98501124,0,33.2
Franklin,TX,9.324009324,0,37.3
Franklin,FL,8.24742268,0,21.6
Franklin,AR,5.644933672,0,29.8
Franklin,IA,9.930486594,0,18.4
Franklin,NE,67.13662303,0,5.6
Franklin,ID,7.206687806,0,19.3
Franklin city,VA,12.55177608,0,1045.8
Frederick,MD,0.385286673,0,353.5
Frederick,VA,2.239315665,0,189.4
Fredericksburg city,VA,3.444000551,0,2326.2
Freeborn,MN,6.604801691,0,44.2
Freestone,TX,5.071765482,0,22.6
Fremont,WY,2.547056876,0,4.4
Fremont,CO,2.090344698,0,30.5
Fremont,ID,7.634170547,0,7.1
Fremont,IA,14.36781609,0,14.6
Fresno,CA,0.100089981,0,156.2
Frio,TX,4.924652812,0,15.2
Frontier,NE,38.06623525,0,2.8
Fulton,GA,0.187981055,0,1748
Fulton,NY,1.873255531,0,112.1
Fulton,IN,5.006508461,0,56.6
Fulton,OH,4.747661777,0,105.3
Fulton,PA,6.882312457,0,33.9
Fulton,IL,5.824111823,0,42.8
Fulton,KY,16.753225,0,33.2
Fulton,AR,8.014747135,0,19.8
Furnas,NE,21.38579983,0,6.9
Gadsden,FL,2.190100745,0,89.8
Gage,NE,4.648352159,4.648352159,26.2
Gaines,TX,4.6528941,0,11.7
Galax city,VA,15.75547503,0,854.6
Gallatin,MT,0.873866159,0,34.4
Gallatin,IL,20.71251036,0,17.3
Gallatin,KY,11.27522832,0,84.8
Gallia,OH,3.344705331,0,66.3
Galveston,TX,0.292278869,0,769.9
Garden,NE,108.8731628,0,1.2
Garfield,CO,1.664973943,0,19.1
Garfield,UT,19.79805979,0,1
Garfield,OK,3.275681342,0,57.2
Garfield,NE,50.78720163,0,3.6
Garland,AR,2.012355865,0,141.7
Garrard,KY,5.660590966,0,73.5
Garrett,MD,10.33983594,0,46.5
Garvin,OK,3.608675255,0,34.4
Garza,TX,16.05394124,0,7.2
Gasconade,MO,6.7999456,0,29.4
Gaston,NC,0.445376766,0,578.8
Gates,NC,8.64902266,0,35.8
Geary,KS,6.315124724,0,89.3
Geauga,OH,1.067817062,0,233.4
Gem,ID,5.521201413,0,29.8
Genesee,MI,0.246418917,0,668.5
Genesee,NY,1.745810056,0,121.9
Geneva,AL,3.806478627,0,46.6
Gentry,MO,15.21838381,0,13.7
George,MS,4.081632653,0,47.2
Georgetown,SC,3.190810466,0,73.9
Gibson,TN,2.035291963,0,82.4
Gibson,IN,5.941947176,0,68.7
Gila,AZ,1.851234774,0,11.3
Gilchrist,FL,5.38155204,0,48.4
Giles,TN,3.393972305,0,48.3
Giles,VA,5.980861244,0,48.6
Gillespie,TX,3.705350526,0,23.5
Gilmer,GA,3.187860627,0,66.3
Gilmer,WV,12.78281989,0,25.7
Gilpin,CO,16.01794009,0,36.3
Glacier,MT,7.271140842,0,4.5
Glades,FL,7.240605315,0,16
Gladwin,MI,3.929427482,0,51.2
Glascock,GA,33.65870077,0,21.4
Glasscock,TX,70.97232079,0,1.4
Glenn,CA,3.521994858,0,21.4
Gloucester,NJ,0.685786391,0,895.3
Gloucester,VA,2.677519546,0,169.2
Glynn,GA,2.344885804,0,189.7
Gogebic,MI,7.155635063,7.155635063,14.9
Golden Valley,MT,121.8026797,0,0.8
Goliad,TX,13.05823975,0,8.5
Gonzales,TX,4.799155349,0,18.6
Goochland,VA,4.209994527,0,77.2
Goodhue,MN,2.157962883,0,61
Gooding,ID,6.588049279,0,21.2
Gordon,GA,3.450477028,0,155.1
Goshen,WY,7.569449701,0,6
Gosper,NE,50.25125628,0,4.5
Gove,KS,37.93626707,0,2.5
Grady,OK,1.791023391,0,47.6
Grady,GA,4.059594852,0,55
Grafton,NH,1.112520303,0,52.2
Graham,AZ,2.574864176,0,8.1
Graham,NC,11.84693757,0,30.3
Grainger,TN,12.864494,0,80.7
Grand,CO,6.355662896,0,8
Grand,UT,10.25220422,0,2.5
Grand Forks,ND,2.879728154,0,46.5
Grand Isle,VT,13.82170007,0,85.2
Grand Traverse,MI,1.07425232,0,187.3
Grant,WA,1.02319585,0,33.3
Grant,AR,5.474952094,0,28.3
Grant,IN,1.520473171,0,169.2
Grant,OR,13.89081817,0,1.6
Grant,LA,4.466479075,0,34.7
Grant,WI,1.944050234,0,44.7
Grant,KY,3.988990387,0,95.6
Grant,ND,43.97537379,0,1.4
Grant,NM,3.703978072,0,7.4
Grant,OK,23.07869836,0,4.5
Grant,WV,8.644536653,0,25
Grant,KS,13.98601399,0,13.6
Grant,MN,16.74480911,0,11
Grant,SD,28.36074872,0,10.8
Granville,NC,1.654451301,0,112.7
Gratiot,MI,2.456338582,0,74.7
Graves,KY,2.683411152,0,67.3
Gray,TX,4.569130951,0,24.3
Gray,KS,16.7000668,0,6.9
Grays Harbor,WA,1.33224977,0,38.3
Grayson,TX,0.734149708,0,129.6
Grayson,KY,7.568017558,0,51.8
Grayson,VA,6.430868167,0,35.1
Greeley,NE,42.44482173,0,4.5
Green,WI,2.705627706,0,63.1
Green,KY,9.139932365,0,39.4
Green Lake,WI,5.287368477,0,54.5
Greenbrier,WV,2.885003751,0,34.8
Greene,MO,0.341196782,0,407.5
Greene,NY,4.238365686,0,76.1
Greene,AR,2.206287921,0,72.9
Greene,TN,1.447827535,0,110.6
Greene,OH,0.591936639,0,390.5
Greene,GA,5.457323728,0,41.3
Greene,PA,5.519829989,0,67.2
Greene,VA,5.045663252,0,117.8
Greene,AL,12.32893601,0,14
Greene,NC,14.23892923,0,80.3
Greene,IN,3.1326358,0,61.1
Greene,MS,7.36051818,0,20.2
Greene,IA,11.25112511,0,16.4
Greene,IL,15.42138947,0,25.6
Greenlee,AZ,10.52853232,0,4.6
Greensville,VA,8.821453776,0,41.5
Greenup,KY,2.849165195,0,107.2
Greenville,SC,0.191006643,0,574.7
Greenwood,SC,2.824419935,0,153.2
Greenwood,KS,16.71681712,0,5.9
Greer,OK,35.0140056,17.5070028,9.8
Gregg,TX,0.806809472,0,445.4
Gregory,SD,23.8948626,0,4.2
Grenada,MS,4.81741979,0,51.9
Griggs,ND,44.82294935,0,3.4
Grimes,TX,6.925207756,0,33.8
Grundy,IL,1.958710385,0,119.8
Grundy,TN,7.447680048,0,38
Grundy,IA,8.175277959,0,24.8
Grundy,MO,20.30456853,0,23.6
Guadalupe,TX,2.397406007,0,184.9
Guadalupe,NM,23.25581395,0,1.5
Guernsey,OH,2.572347267,0,76.8
Guilford,NC,0.186159419,0,756.4
Gulf,FL,7.33191583,0,28.1
Gunnison,CO,5.72672088,0,4.7
Guthrie,IA,9.355412106,0,18.5
Gwinnett,GA,0.106809079,0,1871.2
Habersham,GA,2.206141899,0,155.5
Haines Borough,AK,39.5256917,0,1.1
Hale,TX,2.993474226,0,36.1
Hale,AL,6.825472664,0,24.5
Halifax,VA,2.948895639,0,44.3
Halifax,NC,3.99920016,0,75.5
Hall,GA,0.489138676,0,457.5
Hall,NE,1.629912148,0,107.3
Hall,TX,33.73819163,0,3.8
Hamblen,TN,1.540025256,0,388
Hamilton,TN,0.271883938,0,620.3
Hamilton,IN,0.29584836,0,696.4
Hamilton,NY,22.64492754,0,2.8
Hamilton,OH,0.244656398,0,1976.7
Hamilton,NE,21.45002145,0,16.8
Hamilton,IA,6.769105801,0,27.2
Hamilton,FL,6.930967563,0,28.8
Hamilton,TX,11.81893393,0,10.2
Hamilton,KS,39.38558488,0,2.7
Hamilton,IL,12.32134056,0,19.5
Hamlin,SD,16.22323167,0,11.6
Hampden,MA,0.214421106,0,751
Hampshire,MA,0.621774545,0,299.8
Hampshire,WV,8.629989213,0,37.4
Hampton,SC,5.202372282,0,37.7
Hampton city,VA,0.74343915,0,2673.2
Hancock,MS,2.099428955,0,92.7
Hancock,IN,1.279295876,0,228.8
Hancock,OH,1.319557157,0,140.7
Hancock,IA,18.81467545,0,19.9
Hancock,WV,3.471017008,0,371.3
Hancock,KY,11.46526026,0,45.6
Hancock,ME,1.818611672,0,34.3
Hancock,GA,11.82452406,0,20
Hancock,IL,5.647165123,0,24.1
Hancock,TN,15.10574018,0,30.7
Hand,SD,31.33813851,0,2.4
Hanover,VA,0.927936455,0,213.1
Hansford,TX,18.52194851,0,6.1
Hanson,SD,28.96032436,0,7.7
Haralson,GA,3.3566058,0,102
Hardee,FL,3.712365891,0,43.5
Hardeman,TN,3.992015968,0,40.8
Hardeman,TX,25.42588355,0,6
Hardin,KY,0.901241911,0,169.3
Hardin,TN,3.898331514,0,45.1
Hardin,TX,3.472101663,0,61.3
Hardin,IA,5.936127271,0,30.8
Hardin,OH,3.188267177,0,68.1
Hardin,IL,26.17115938,0,24.3
Harding,NM,160,0,0.3
Hardy,WV,7.259001161,0,24.1
Harford,MD,0.391479833,0,560.1
Harlan,KY,3.844675125,0,62.9
Harlan,NE,29.58579882,0,6.2
Harnett,NC,1.470847797,0,192.7
Harney,OR,13.52630867,0,0.7
Harper,OK,27.11496746,0,3.5
Harper,KS,18.39587932,0,7.5
Harris,TX,0.084865779,0,2402.4
Harris,GA,2.838006584,0,69
Harrison,KY,5.294927459,0,61.5
Harrison,IA,7.117944338,0,21.4
Harrison,MS,0.480584391,0,326
Harrison,IN,2.468221646,0,81.2
Harrison,WV,4.460568574,0,166.1
Harrison,TX,1.502561868,0,72.9
Harrison,MO,11.97318008,0,12.4
Harrison,OH,6.64893617,0,39.4
Harrisonburg city,VA,1.886223027,0,2808.2
Hart,GA,3.816065636,0,108.5
Hart,KY,5.253480431,0,44.2
Hartford,CT,0.112142825,0,1216.2
Hartley,TX,17.93400287,0,4.1
Harvey,KS,2.904528159,0,64.3
Haskell,OK,7.919537499,0,22.1
Haskell,KS,25.2016129,0,7.4
Haskell,TX,17.67408978,0,6.5
Hawaii,HI,0.4962459,0,45.9
Hawkins,TN,1.760997429,0,116.7
Hays,TX,0.43442185,0,231.7
Haywood,TN,11.55802127,0,35.2
Haywood,NC,1.604698557,0,106.6
Heard,GA,8.387150885,0,40
Hemphill,TX,26.18486515,0,4.2
Hempstead,AR,4.644250418,0,31.1
Henderson,KY,2.211900022,0,105.9
Henderson,NC,0.851665432,0,286.1
Henderson,TX,1.208649093,0,89.9
Henderson,TN,3.556567201,0,53.4
Henderson,IL,15.0466446,0,19.3
Hendricks,IN,0.587161135,0,357.4
Hendry,FL,2.379705868,0,34
Hennepin,MN,0.078998738,0,2081.7
Henrico,VA,0.604562025,0,1313.4
Henry,GA,0.426328333,0,633
Henry,MO,4.582111437,0,32
Henry,IA,5.011526511,0,46.4
Henry,IL,2.044446262,0,61.3
Henry,IN,2.08454932,0,126.2
Henry,TN,3.091667955,0,57.5
Henry,VA,1.977965465,0,141.6
Henry,KY,6.201165819,0,53.9
Henry,AL,11.62452775,0,30.8
Henry,OH,3.702880841,0,67.8
Herkimer,NY,1.630815897,0,45.7
Hernando,FL,2.062706271,0,365.6
Hertford,NC,4.223508046,0,69.9
Hickman,TN,3.971721344,0,40.3
Hickman,KY,22.83105023,0,20.2
Hidalgo,TX,0.230227223,0,493.2
Hidalgo,NM,23.82086708,0,1.4
Highland,OH,2.316906466,0,78.8
Highland,VA,45.66210046,0,5.6
Highlands,FL,0.941433427,0,97.2
Hill,MT,6.066488716,0,5.6
Hill,TX,2.72858741,0,36.6
Hillsborough,FL,0.067936259,0,1204.9
Hillsborough,NH,0.239793777,0,457.4
Hillsdale,MI,2.192742024,0,78.1
Hinds,MS,0.862663906,0,282
Hinsdale,CO,121.9512195,0,0.8
Hitchcock,NE,36.20564808,0,4.1
Hocking,OH,7.076139258,0,69.7
Hockley,TX,4.343859954,0,25.2
Hodgeman,KS,55.74136009,0,2.2
Hoke,NC,1.810479053,0,120.2
Holmes,MS,5.878894768,0,25.4
Holmes,FL,5.097619412,0,41.6
Holmes,OH,2.274795268,0,100.3
Holt,MO,22.71178742,0,10.6
Holt,NE,9.933445912,0,4.3
Honolulu,HI,0.102610093,0,1586.7
Hood,TX,3.244488425,0,121.7
Hood River,OR,4.276794115,0,42.8
Hopewell city,VA,4.438723423,0,2198
Hopkins,TX,2.696580736,0,45.8
Hopkins,KY,2.237837354,0,86.6
Horry,SC,0.847263762,0,237.5
Hot Spring,AR,2.961120488,0,53.5
Hot Springs,WY,22.66032178,0,2.4
Houghton,MI,2.802376415,0,36.3
Houston,GA,0.633460659,0,372.5
Houston,TN,12.19363492,0,42.1
Houston,AL,0.944447593,0,175.1
Houston,MN,5.376344086,0,34.5
Houston,TX,4.353883664,0,19.3
Howard,IN,1.211475092,0,282.4
Howard,MD,0.307040437,0,1144.9
Howard,AR,15.14921982,0,23.4
Howard,IA,10.91941472,0,20.2
Howard,MO,9.9990001,0,21.9
Howard,TX,2.727471089,0,38.9
Howard,NE,31.0318076,0,11
Howell,MO,2.492708827,0,43.6
Hubbard,MN,4.653110604,0,22.1
Hudson,NJ,0.14872299,0,13731.4
Hudspeth,TX,20.46663938,0,0.8
Huerfano,CO,14.49905756,0,4.2
Hughes,SD,5.705808513,0,23
Hughes,OK,7.530687552,0,17.4
Humboldt,CA,0.737691615,0,37.7
Humboldt,NV,5.941417622,0,1.7
Humboldt,IA,10.46243984,0,22.6
Humphreys,MS,12.40079365,0,22.4
Humphreys,TN,10.76310408,0,34.9
Hunt,TX,1.014260503,0,102.5
Hunterdon,NJ,0.804045959,0,300
Huntingdon,PA,2.215133794,0,52.5
Huntington,IN,2.73822563,0,97
Huron,OH,1.716266777,0,121.3
Huron,MI,3.227784771,0,39.6
Hutchinson,SD,27.43107941,0,9
Hutchinson,TX,9.552010698,0,25
Hyde,SD,76.86395081,0,1.7
Hyde,NC,20.25521572,0,9.5
Iberia,LA,1.432049262,0,127.6
Iberville,LA,3.075882009,0,54
Ida,IA,14.57725948,0,16.4
Idaho,ID,5.999880002,0,1.9
Imperial,CA,2.207322793,0,41.8
Independence,AR,2.643754131,0,48
Indian River,FL,0.625300926,0,274.5
Indiana,PA,1.189442508,0,107.5
Ingham,MI,0.341990246,0,505.1
Inyo,CA,5.543544542,0,1.8
Ionia,MI,3.091333447,0,111.9
Iosco,MI,3.979782704,0,47.1
Iowa,WI,12.66998902,0,31.1
Iowa,IA,6.178942165,0,27.9
Iredell,NC,0.550036852,0,277.8
Irion,TX,65.10416667,0,1.5
Iron,UT,1.823519758,0,14
Iron,WI,17.58396343,17.58396343,7.8
Iron,MO,9.87654321,0,19.3
Iron,MI,9.036688957,0,10.1
Iroquois,IL,3.688131593,0,26.6
Irwin,GA,10.6202209,0,26.9
Isabella,MI,2.862376918,0,122.8
Isanti,MN,2.463296877,0,86.8
Island,WA,1.174522263,0,376.6
Isle of Wight,VA,2.694764073,0,111.8
Itasca,MN,2.215820962,0,16.9
Itawamba,MS,12.82599401,0,43.9
Izard,AR,7.337295473,0,23.6
Jack,TX,11.1919418,0,9.9
Jackson,OR,0.905206749,0,73
Jackson,OK,4.076640848,0,32.9
Jackson,MI,0.630875024,0,228.4
Jackson,MS,0.696296399,0,193.2
Jackson,MO,0.28449057,0,1115.3
Jackson,IL,1.762114537,0,103.1
Jackson,FL,2.154522342,0,54.2
Jackson,AL,1.937008484,0,49.4
Jackson,WV,3.49944009,0,62.9
Jackson,MN,10.15640869,0,14.6
Jackson,KS,7.592437932,0,20.5
Jackson,IN,2.260857769,0,83.2
Jackson,GA,1.37029475,0,178.1
Jackson,LA,6.351626016,0,28.6
Jackson,TX,6.775067751,0,17
Jackson,IA,5.144297546,0,31.2
Jackson,WI,9.688514266,0,20.7
Jackson,TN,16.96928559,0,37.7
Jackson,KY,22.50731488,0,39.1
Jackson,OH,6.170363743,0,79
Jackson,AR,5.981218972,0,28.4
Jackson,NC,4.551868542,0,82.1
Jackson,SD,29.90430622,0,1.6
James City,VA,3.920389948,0,470.4
Jasper,MO,0.824212053,0,183.9
Jasper,SC,3.325241911,0,37.8
Jasper,GA,7.032843379,0,37.8
Jasper,IA,2.689256421,0,50.4
Jasper,IN,2.979560217,0,59.8
Jasper,MS,6.103888177,0,25.2
Jasper,TX,5.629204312,0,38
Jasper,IL,20.81165453,0,19.6
Jay,IN,4.893325504,0,55.4
Jeff Davis,GA,6.615944426,0,45.6
Jefferson,CO,0.171561605,0,699.5
Jefferson,WA,3.103565997,0,16.6
Jefferson,KY,0.130419416,0,1948.1
Jefferson,LA,0.231217615,0,1463.1
Jefferson,AR,1.496468335,0,88.9
Jefferson,AL,0.303686911,0,592.5
Jefferson,TN,1.835030737,0,187.6
Jefferson,WV,1.749903755,0,255.2
Jefferson,NY,0.910464883,0,91.6
Jefferson,WI,1.179676533,0,150.4
Jefferson,MO,1.777138008,0,333.1
Jefferson,MT,8.182636445,0,6.9
Jefferson,TX,2.782581043,0,287.9
Jefferson,ID,6.695457132,0,23.9
Jefferson,KS,5.251273434,0,35.9
Jefferson,OH,1.530807501,0,170.7
Jefferson,MS,14.30615165,0,14.9
Jefferson,GA,6.509569067,0,32.2
Jefferson,IN,3.095208617,0,89.9
Jefferson,IA,5.46597431,0,38.7
Jefferson,FL,7.01951425,0,24.7
Jefferson,IL,2.65364611,0,68
Jefferson,OK,16.66111296,0,8.5
Jefferson,PA,2.302820956,0,69.3
Jefferson,OR,4.055478952,0,12.2
Jefferson,NE,14.19244962,0,13.2
Jefferson Davis,LA,3.187962255,0,48.5
Jefferson Davis,MS,35.94536305,0,30.6
Jenkins,GA,11.52604887,0,24
Jennings,IN,3.605552551,0,75.7
Jerauld,SD,49.67709886,0,3.9
Jerome,ID,4.096346059,0,37.5
Jersey,IL,4.592844349,0,62.2
Jessamine,KY,1.847916474,0,282.3
Jewell,KS,34.73428274,0,3.4
Jim Hogg,TX,19.23076923,0,4.7
Jim Wells,TX,2.470233684,0,47.2
Jo Daviess,IL,4.709206499,0,37.7
Johnson,KS,0.16600238,0,1149.6
Johnson,IA,1.984914649,0,213.1
Johnson,IN,1.896729406,0,435.8
Johnson,TX,1.137546426,0,208.3
Johnson,MO,1.84972809,0,63.4
Johnson,WY,11.84132623,0,2.1
Johnson,AR,3.762510347,0,38.7
Johnson,TN,5.621767484,0,61.1
Johnson,GA,10.37021674,0,32.9
Johnson,KY,4.506940689,0,89.2
Johnson,NE,19.71997634,0,13.9
Johnson,IL,8.053475074,0,36.6
Johnston,NC,0.477694075,0,213.4
Johnston,OK,18.04239964,0,17
Jones,MS,1.468471908,0,97.5
Jones,GA,3.480076562,0,72.8
Jones,IA,4.835356124,0,35.9
Jones,TX,4.979335757,0,21.8
Jones,NC,31.85051492,0,21.6
Josephine,OR,1.143026964,0,50.4
Juab,UT,8.321544479,0,3
Juneau,WI,3.747142804,0,34.8
Juneau City and Borough,AK,3.127541127,0,11.6
Juniata,PA,4.038282922,0,63
Kalamazoo,MI,1.131793591,0,445.7
Kalkaska,MI,5.543851868,0,30.6
Kanabec,MN,6.121074861,0,31.1
Kanawha,WV,0.561406661,0,214.1
Kandiyohi,MN,2.3148684,0,53
Kane,IL,0.187827642,0,990.8
Kane,UT,12.68069997,0,1.8
Kankakee,IL,0.910232838,0,167.7
Karnes,TX,6.409845523,0,19.8
Kauai,HI,2.76651958,0,108.2
Kaufman,TX,1.468924894,0,132.4
Kay,OK,2.296844136,0,50.6
Kearney,NE,15.39645881,0,12.6
Kearny,KS,26.0552371,0,4.6
Keith,NE,12.44709983,0,7.9
Kemper,MS,10.26483268,0,13.6
Kenai Peninsula Borough,AK,1.70334537,0,3.4
Kendall,IL,2.325761687,0,358.2
Kendall,TX,6.324977335,0,50.4
Kennebec,ME,0.817648117,0,140.8
Kenosha,WI,2.359033032,0,611.9
Kent,MI,0.456652282,0,711.5
Kent,DE,1.65942053,0,276.9
Kent,MD,5.14880033,0,72.9
Kent,RI,4.260706547,0,985.9
Kenton,KY,0.598809567,0,996.7
Keokuk,IA,9.759906305,0,18.1
Kern,CA,0.111086178,0,103.3
Kerr,TX,1.901140684,0,45
Kershaw,SC,1.502607023,0,84.9
Ketchikan Gateway Borough,AK,7.19372707,0,2.8
Kewaunee,WI,4.893804444,0,60.1
Keweenaw,MI,47.25897921,0,4
Kidder,ND,40.32258065,0,1.8
Kimball,NE,27.53303965,0,4
Kimble,TX,23.05741296,0,3.7
King,WA,0.044389559,0,912.9
King and Queen,VA,14.23487544,0,22
King George,VA,3.726337755,0,131.3
King William,VA,5.831583858,0,58.2
Kingfisher,OK,12.68633048,0,16.7
Kings,CA,0.653851183,0,110.1
Kingsbury,SD,20.24701357,0,6.2
Kinney,TX,27.27024816,0,2.6
Kiowa,OK,11.48369316,0,9.3
Kiowa,KS,40.4040404,0,3.5
Kit Carson,CO,14.09046076,0,3.8
Kitsap,WA,0.368360758,0,635.9
Kittitas,WA,2.086158339,0,17.8
Kittson,MN,23.26663564,0,4.1
Klamath,OR,1.465459128,0,11.2
Kleberg,TX,3.259452412,0,36.4
Klickitat,WA,4.459308807,0,10.9
Knott,KY,6.754018641,0,46.5
Knox,TN,0.212624359,0,850.5
Knox,NE,12.00192031,0,7.9
Knox,ME,2.514331691,0,108.8
Knox,OH,1.604569815,0,115.9
Knox,IL,2.01211292,0,73.9
Knox,IN,5.465376838,0,74.5
Knox,TX,27.29257642,0,4.4
Knox,KY,3.210788249,0,82.5
Knox,MO,50.51780753,0,8.2
Kodiak Island Borough,AK,7.693491306,0,2.1
Koochiching,MN,8.177283506,0,4.3
Kootenai,ID,1.810533685,0,111.3
Kosciusko,IN,1.258558196,0,145.6
Kossuth,IA,6.750826976,0,16
La Crosse,WI,0.847342733,0,253.8
La Paz,AZ,9.475080538,0,4.6
La Plata,CO,1.778694794,0,30.3
La Salle,TX,13.29787234,0,4.6
Labette,KS,5.097359568,0,33.5
Lac qui Parle,MN,15.09889778,0,9.5
Lackawanna,PA,0.953861709,0,467.1
Laclede,MO,2.799316967,0,46.5
Lafayette,LA,1.227546135,0,824.6
Lafayette,MS,1.851200504,0,75
Lafayette,MO,3.057355999,0,53.1
Lafayette,AR,15.09661836,0,14.5
Lafayette,WI,6.00060006,0,26.6
Lafayette,FL,11.87366421,0,16.3
Lafourche,LA,1.024443215,0,90.2
LaGrange,IN,5.048720149,0,97.8
Lake,IL,0.143567803,0,1585.6
Lake,FL,0.272391983,0,316.6
Lake,IN,0.411952387,0,994.1
Lake,OH,0.434501128,0,1011.2
Lake,MT,3.283209666,0,19.3
Lake,CO,12.30466347,0,19.4
Lake,SD,7.814331484,0,19.9
Lake,CA,3.106265337,0,51.5
Lake,MI,8.436682696,0,20.3
Lake,TN,57.01254276,0,47.2
Lake,MN,9.397613006,0,5.2
Lake,OR,25.41619011,0,1
Lake and Peninsula Borough,AK,62.81407035,0,0.1
Lamar,AL,7.243752264,0,24.1
Lamar,GA,5.241914347,0,99.8
Lamar,MS,1.578706408,0,112
Lamar,TX,2.00565595,0,54.9
Lamb,TX,7.756146746,0,13.8
Lamoille,VT,15.77162684,0,53.3
LaMoure,ND,24.71576866,0,3.6
Lampasas,TX,4.666791114,0,27.6
Lancaster,SC,1.020283231,0,139.6
Lancaster,PA,0.366485623,0,550.4
Lancaster,NE,0.313391206,0,340.8
Lancaster,VA,9.43129303,0,85.5
Lander,NV,18.07664497,0,1.1
Lane,OR,0.523468397,0.261734198,77.2
Lane,KS,65.1465798,0,2.4
Langlade,WI,5.211318985,0,22.9
Lanier,GA,9.594166747,0,54.4
Lapeer,MI,1.141461299,0,137.4
LaPorte,IN,0.910017472,0,186.3
Laramie,WY,2.010050251,0,34.2
Larimer,CO,0.280191315,0,115.4
Larue,KY,6.945409085,0,54.3
Las Animas,CO,6.893699159,0,3.2
LaSalle,IL,0.920225639,0,100.4
LaSalle,LA,6.715014773,0,23.8
Lassen,CA,6.541719818,0,7.7
Latah,ID,2.493268176,0,34.6
Latimer,OK,9.927529038,0,15.4
Lauderdale,AL,1.078411284,0,138.8
Lauderdale,MS,4.047217538,0,114.1
Lauderdale,TN,3.901221082,0,58.9
Laurel,KY,1.644385247,0,135.6
Laurens,GA,4.206452698,0,60
Laurens,SC,2.963270265,0,93.2
Lavaca,TX,4.961794185,0,19.9
Lawrence,MS,7.945336088,0,30
Lawrence,AR,6.095330976,0,29.6
Lawrence,IN,2.204099625,0,102.7
Lawrence,AL,3.03729802,0,49.7
Lawrence,OH,1.681718043,0,137.7
Lawrence,PA,1.169426513,0,254.4
Lawrence,SD,7.738740133,0,30.1
Lawrence,TN,4.530832314,0,67.8
Lawrence,KY,6.528693608,0,38.2
Lawrence,IL,12.75672917,0,45.2
Lawrence,MO,2.607222005,0,63.2
Le Flore,OK,2.005897338,0,31.7
Le Sueur,MN,3.461764808,0,61.7
Lea,NM,1.407063459,0,14.7
Leake,MS,4.388659703,0,40.8
Leavenworth,KS,2.446243793,0,164.7
Lebanon,PA,0.705253433,0,369.1
Lee,FL,0.129772884,0.129772884,788.7
Lee,GA,3.334222459,0,79.5
Lee,AL,0.607747566,0,230.8
Lee,SC,5.942476824,0,46.9
Lee,MS,1.170466782,0,184.3
Lee,NC,1.618673012,0,227
Lee,VA,8.53861589,0,58.8
Lee,AR,11.29050469,0,17.3
Lee,TX,5.80080051,0,26.4
Lee,IL,5.865790709,0,49.7
Lee,IA,2.971150132,0,69.3
Lee,KY,13.50803728,0,37.8
Leelanau,MI,4.595377051,0,62.5
Leflore,MS,3.5482383,0,54.5
Lehigh,PA,0.270769364,0,1012.5
Lemhi,ID,12.4579544,0,1.7
Lenawee,MI,1.015733715,0,133.3
Lenoir,NC,1.787342044,0,148.5
Leon,FL,0.340620338,0,413.1
Leon,TX,5.745805562,0,15.7
Leslie,KY,10.12453174,0,28.2
Letcher,KY,4.639725328,0,72.6
Levy,FL,2.409464376,0,36.5
Lewis,WA,1.239049897,0,31.4
Lewis,TN,8.151287903,0,43.1
Lewis,KY,7.532956685,0,28.7
Lewis,NY,7.605719501,0,21.3
Lewis,WV,6.286540517,0,42.5
Lewis,MO,10.22913257,0,20.2
Lewis and Clark,MT,1.440258094,0,18.3
Lexington,SC,0.334728033,0,375.4
Lexington city,VA,26.86005909,0,2820.2
Liberty,GA,1.627736632,0,129.5
Liberty,TX,1.133542661,0,65.3
Liberty,MT,42.78990158,0,1.6
Liberty,FL,11.97031362,0,10
Licking,OH,0.565412582,0,243.9
Limestone,AL,1.010969014,0,147.8
Limestone,TX,4.266757691,0,25.8
Lincoln,ME,2.887336144,0,75.6
Lincoln,WA,9.141603437,0,4.6
Lincoln,AR,7.678132678,0,25.2
Lincoln,NE,2.864180558,0,14.2
Lincoln,NC,1.161291821,0,262.7
Lincoln,GA,12.6246686,0,38
Lincoln,MS,2.928000468,0,59.5
Lincoln,LA,4.278807069,0,99.1
Lincoln,TN,2.909852761,0,58.5
Lincoln,OR,2.001521156,0,47
Lincoln,SD,1.63591153,0,77.7
Lincoln,MT,5.005005005,0,5.4
Lincoln,OK,2.867219084,0,36
Lincoln,CO,17.54078232,0,2.1
Lincoln,MN,17.73364072,0,11
Lincoln,MO,3.389083761,0,83.9
Lincoln,ID,18.63585539,0,4.3
Lincoln,KY,4.073485682,0,74.1
Lincoln,WY,5.042864347,0,4.4
Lincoln,NM,5.109339873,0,4.2
Lincoln,WV,4.899799108,0,49.7
Lincoln,WI,3.624107564,0,32.7
Lincoln,NV,19.29384526,0,0.5
Linn,OR,1.541437699,0,50.9
Linn,KS,10.3060909,0,16.3
Linn,IA,1.32329978,0,294.6
Linn,MO,8.389261745,0,20.7
Lipscomb,TX,30.93102382,0,3.5
Litchfield,CT,0.554529676,0,206.3
Little River,AR,8.157272208,0,24.7
Live Oak,TX,8.192020972,0,11.1
Livingston,NY,1.589471342,0,103.5
Livingston,LA,0.710282764,0,197.5
Livingston,MI,1.562540691,0,320.2
Livingston,IL,2.805206463,0,37.3
Livingston,MO,6.567281802,0,28.5
Livingston,KY,10.87665869,0,30.4
Llano,TX,4.588208305,0,20.7
Logan,OK,2.082856012,0,56.3
Logan,CO,8.924985497,0,12.4
Logan,KY,3.689764593,0,48.6
Logan,OH,2.189525311,0,100
Logan,WV,3.123145632,0,81
Logan,IL,3.494304284,0,49
Logan,AR,4.658529768,0,31.6
Long,GA,5.112735825,0,36.1
Lonoke,AR,5.456355973,0,88.7
Lorain,OH,0.322754516,0,613.6
Los Alamos,NM,5.162889153,0,164.4
Los Angeles,CA,0.009961045,0,2419.6
Loudon,TN,1.849522823,0,211.8
Loudoun,VA,0.483631492,0,605.8
Louisa,VA,2.660211221,0,66.8
Louisa,IA,9.062075215,0,28.3
Love,OK,9.753242953,0,18.3
Lowndes,GA,0.851745226,0,220.2
Lowndes,MS,6.826521034,0,118.3
Lowndes,AL,10.2817191,0,15.8
Lubbock,TX,0.643979277,0,311.3
Lucas,OH,0.233455041,0,1296.2
Lucas,IA,11.62790698,0,20.7
Luce,MI,16.05394124,0,7.4
Lumpkin,GA,2.975304969,0,105.9
Luna,NM,8.435615167,0,8.5
Lunenburg,VA,16.39881929,0,29.9
Luzerne,PA,0.315042988,0,360.4
Lycoming,PA,0.882620323,0,94.5
Lyman,SD,26.44802962,0,2.3
Lynchburg city,VA,1.217018791,0,1538.2
Lynn,TX,16.8038985,0,6.6
Lyon,KY,12.18026797,0,38.9
Lyon,KS,6.025003766,0,39.8
Lyon,NV,1.73882803,0,26
Lyon,MN,3.925571171,0,36.2
Lyon,IA,8.50701829,0,19.7
Mackinac,MI,9.260116677,0,10.9
Macomb,MI,0.114420142,0,1754.9
Macon,GA,7.723797019,0,36.8
Macon,TN,4.064710186,0,72.4
Macon,IL,0.961455259,0,190.8
Macon,AL,5.53464689,0,35.2
Macon,MO,6.615069127,0,19.4
Macon,NC,2.788777957,0,65.8
Macoupin,IL,2.225882562,0,55.4
Madera,CA,0.635618807,0,70.6
Madison,AL,0.268161938,0,417.7
Madison,ID,2.505826046,0,80
Madison,IL,0.380277298,0,376.3
Madison,IN,0.771789548,0,291.3
Madison,MS,0.940981632,0,133.2
Madison,MT,11.62790698,0,2.1
Madison,KY,1.075419145,0,189.6
Madison,NY,1.40962208,0,112.2
Madison,GA,3.346720214,0,99.6
Madison,NE,2.849084019,0,60.9
Madison,OH,2.235586059,0,93.2
Madison,TN,1.020574788,0,176.4
Madison,VA,7.540909434,0,41.5
Madison,LA,9.131586157,0,19.4
Madison,FL,10.81490294,0,27.6
Madison,IA,6.120700208,0,27.9
Madison,MO,8.272667108,0,24.7
Madison,AR,6.032818533,0,18.8
Madison,TX,7.000840101,0,29.3
Madison,NC,4.59664445,0,46.2
Magoffin,KY,8.223007976,0,43.2
Mahaska,IA,4.52591084,0,39.2
Mahnomen,MN,18.09299801,0,9.7
Mahoning,OH,0.43728655,0,580.2
Major,OK,13.10787783,0,7.9
Malheur,OR,3.271073894,0,3.2
Manassas city,VA,4.867956675,0,3827.6
Manassas Park city,VA,5.72147843,0,5632.6
Manatee,FL,0.247983276,0,434.5
Manistee,MI,4.071992833,0,45.6
Manitowoc,WI,1.266127296,0,138.3
Marathon,WI,0.736963122,0,86.8
Marengo,AL,5.301383661,0,21.5
Maricopa,AZ,0.022294486,0,414.9
Maries,MO,11.49821778,0,17.4
Marin,CA,0.386359948,0,485.1
Marinette,WI,2.478314746,0,29.8
Marion,IN,0.10367185,0,2279.6
Marion,OR,0.287506685,0,266.7
Marion,OH,1.5362635,0,164.7
Marion,AL,3.365983372,0,41.5
Marion,FL,0.547077376,0,209.1
Marion,TN,3.459369703,0,56.7
Marion,MS,4.069507183,0,49.9
Marion,SC,3.261897772,0,67.6
Marion,WV,1.783421315,0,182.7
Marion,IL,5.375621556,0,68.9
Marion,KY,5.188605822,0,57.8
Marion,GA,11.96315349,0,23.9
Marion,KS,8.414675194,0,13.4
Marion,IA,3.007247466,0,60.1
Marion,AR,5.990176111,0,27.9
Marion,TX,30.44448955,0,27.7
Marion,MO,3.505082369,0,65.9
Mariposa,CA,5.812939604,0,12.6
Marlboro,SC,3.828777089,0,60.3
Marquette,MI,1.499272853,0,37.1
Marquette,WI,12.84191601,0,33.8
Marshall,MS,2.833342778,0,52.6
Marshall,WV,6.550718941,0,108.4
Marshall,AL,1.0333354,0,164.4
Marshall,IL,8.742787201,0,32.7
Marshall,IN,2.161788231,0,106.1
Marshall,IA,2.540069598,0,71
Marshall,KY,3.215434084,0,104.4
Marshall,SD,20.26342452,0,5.6
Marshall,TN,2.909090909,0,81.5
Marshall,OK,5.906325675,0,42.7
Marshall,MN,10.71122536,0,5.3
Martin,MN,10.16105269,0,29.3
Martin,FL,0.621118012,0,269.2
Martin,KY,8.932559178,0,56.3
Martin,TX,17.32801941,0,5.2
Martin,NC,8.912655971,0,53.1
Martin,IN,9.751340809,0,30.8
Mason,WA,1.49772346,0,63.3
Mason,KY,5.858230814,0,72.8
Mason,WV,3.77130789,0,63.4
Mason,IL,7.485590239,0,27.2
Mason,TX,23.39728591,0,4.3
Mason,MI,3.431237991,0,58
Massac,IL,7.261109498,0,65
Matagorda,TX,5.45806839,2.729034195,33.4
Matanuska-Susitna Borough,AK,1.846432231,0,3.6
Mathews,VA,11.31990038,0,104.5
Maui,HI,0.597310906,0,133.3
Maury,TN,1.037484308,0,132
Maverick,TX,1.702939273,0,42.4
Mayes,OK,2.433090024,0,63
McClain,OK,2.470721945,0,60.5
McCook,SD,17.9018976,0,9.8
McCormick,SC,10.56747332,0,28.5
McCracken,KY,3.057262527,0,263.6
McCreary,KY,5.803493703,0,42.9
McCulloch,TX,12.5250501,0,7.8
McCurtain,OK,3.045808967,0,17.9
McDonald,MO,4.378858869,0,42.8
McDonough,IL,3.369045213,0,55.3
McDowell,NC,4.371011452,0,102.1
McDowell,WV,11.3481616,0,41.5
McDuffie,GA,4.692192192,0,85
McHenry,IL,0.324913735,0,511.9
McHenry,ND,17.40644038,0,2.9
McIntosh,ND,40.04805767,0,2.9
McIntosh,GA,6.955070246,0,33.8
McIntosh,OK,5.103082262,0,32.7
McKean,PA,2.461538462,0,44.4
McKenzie,ND,6.656017039,0,2.3
McKinley,NM,1.401207841,0,13.1
McLean,IL,2.332130343,0,143.3
McLean,ND,21.16402116,0,4.2
McLean,KY,32.58390355,0,37.8
McLennan,TX,1.948383426,0,226.5
McLeod,MN,2.786058563,0,74.6
McMinn,TN,1.858943377,0,121.5
McNairy,TN,3.891959212,0,46.3
McPherson,KS,3.503608717,0,32.5
McPherson,SD,42.03446826,0,2.2
Meade,SD,3.529577862,0,7.3
Meade,KY,3.499930001,0,93.6
Meade,KS,24.79543764,0,4.7
Meagher,MT,53.7056928,0,0.8
Mecklenburg,NC,0.180122411,0,1755.5
Mecklenburg,VA,3.269362801,0,52.3
Mecosta,MI,2.301337077,2.301337077,77.1
Medina,OH,0.556340614,0,409
Medina,TX,1.938585608,0,34.7
Meeker,MN,4.306261304,0,38.3
Meigs,TN,8.050233457,0,60.2
Meigs,OH,4.365477802,0,55.3
Mellette,SD,48.52013586,0,1.6
Menard,IL,8.199409643,0,40.4
Mendocino,CA,1.15275104,0,25.1
Menifee,KY,30.82139004,0,31
Menominee,WI,21.94907814,0,11.8
Menominee,MI,4.389815628,0,23
Merced,CA,0.360126765,0,132.2
Mercer,NJ,0.272160684,0,1632.2
Mercer,WV,1.701895912,0,148.6
Mercer,PA,0.913876298,0,173.4
Mercer,OH,2.428835131,0,88.3
Mercer,KY,4.559339808,0,85.7
Mercer,IL,6.477942605,0,29.3
Mercer,ND,36.64345914,0,8.1
Mercer,MO,27.64722145,0,8.3
Meriwether,GA,4.72433505,0,43.9
Merrick,NE,12.89490651,0,16.2
Merrimack,NH,0.660541247,0,156.8
Mesa,CO,0.648466377,0,44.1
Metcalfe,KY,9.929500546,0,34.9
Miami,OH,0.934693,0,252.1
Miami,IN,2.815632391,0,98.7
Miami,KS,2.92081666,0,57
Miami-Dade,FL,0.036806113,0,1315.5
Middlesex,MA,0.062046325,0,1837.9
Middlesex,NJ,0.242406025,0,2621.6
Middlesex,CT,0.615627078,0,448.6
Middlesex,VA,18.9000189,0,84.1
Midland,MI,1.202559046,0,162
Midland,TX,0.565508505,0,152
Mifflin,PA,4.334821622,0,113.6
Milam,TX,8.057043871,0,24.3
Millard,UT,7.582650895,0,1.9
Mille Lacs,MN,3.805609468,0,45.6
Miller,GA,17.48863239,0,21.7
Miller,AR,2.31176457,0,69.5
Miller,MO,3.90335298,0,41.8
Mills,IA,6.618571712,0,34.4
Mills,TX,20.52123948,0,6.6
Milwaukee,WI,0.211477743,0,3926
Miner,SD,45.12635379,0,4.2
Mineral,CO,130.0390117,0,0.8
Mineral,WV,7.443799315,0,86.1
Mineral,NV,22.19755827,0,1.3
Mingo,WV,4.269125683,0,63.4
Minidoka,ID,4.753077618,0,26.5
Minnehaha,SD,0.517775223,0,210
Missaukee,MI,6.614631565,0,26.3
Mississippi,AR,2.459964085,0,51.6
Mississippi,MO,7.587253414,0,34.9
Missoula,MT,1.672240803,0,42.1
Mitchell,KS,16.72520488,0,9.1
Mitchell,GA,18.29575081,0,45.9
Mitchell,IA,18.89287739,0,23
Mitchell,NC,6.682705159,0,70.4
Mitchell,TX,11.70275015,0,10.3
Mobile,AL,0.242007696,0,335.9
Modoc,CA,11.31093768,0,2.5
Moffat,CO,15.05683957,0,2.9
Mohave,AZ,0.942591467,0,15
Moniteau,MO,6.19885941,0,37.6
Monmouth,NJ,0.323208817,0,1344.7
Mono,CA,13.84657989,0,4.7
Monona,IA,11.60766106,0,13.3
Monongalia,WV,0.946862099,0,267.1
Monroe,PA,0.58729907,0,279.2
Monroe,NY,0.134812678,0,1132.6
Monroe,MI,0.664451827,0,276.7
Monroe,MS,2.836718484,0,48.3
Monroe,FL,1.347200517,0,74.3
Monroe,GA,3.626078758,0,66.8
Monroe,TN,6.445375443,0,70
Monroe,IN,0.673713712,0,349.7
Monroe,IL,2.887086064,0,85.6
Monroe,WI,2.162021923,0,49.6
Monroe,AL,4.823228669,0,22.5
Monroe,AR,14.9231458,0,13.4
Monroe,KY,9.389671362,0,33.3
Monroe,OH,14.64772228,0,32.1
Monroe,WV,7.532956685,0,28.6
Monroe,IA,12.97521733,0,18.4
Monroe,MO,23.13743637,0,13.6
Montague,TX,5.045917852,0,21.2
Montcalm,MI,1.565239169,0,89.8
Monterey,CA,0.460764731,0,126.5
Montezuma,CO,3.819272047,0,12.6
Montgomery,MD,0.285527197,0,1978.2
Montgomery,PA,0.240698507,0,1655.9
Montgomery,TX,0.164638594,0,437.5
Montgomery,KY,3.551514721,0,134.3
Montgomery,AL,0.441528395,0,292.5
Montgomery,NY,2.031653156,0,124.6
Montgomery,OH,0.188080581,0,1159.5
Montgomery,TN,0.478484925,0,319.6
Montgomery,MS,10.23017903,0,26.8
Montgomery,IN,2.60837811,0,75.6
Montgomery,NC,3.680123652,0,56.5
Montgomery,MO,8.657259112,0,22.8
Montgomery,IA,10.08369467,0,25.3
Montgomery,VA,1.014867813,0,243.9
Montgomery,IL,3.519391849,0,42.8
Montgomery,KS,9.425366804,0,55.1
Montgomery,GA,21.80549498,0,38.1
Montgomery,AR,11.12842199,0,12.2
Montmorency,MI,10.72041166,0,17.9
Montour,PA,5.485463522,0,140.3
Montrose,CO,2.338743627,0,18.4
Moody,SD,15.20681265,0,12.5
Moore,NC,0.991276764,0,126.5
Moore,TX,4.775549188,0,24.3
Moore,TN,15.41307028,0,49.2
Morehouse,LA,4.020262121,0,35.2
Morgan,CO,3.440209165,0,22
Morgan,IN,1.418661068,0,170.5
Morgan,GA,5.187798298,0,51.4
Morgan,AL,1.671136958,0,206.3
Morgan,IL,2.971061858,0,62.5
Morgan,UT,16.49620587,0,15.5
Morgan,TN,4.672242209,0,42.1
Morgan,WV,5.591590248,0,76.6
Morgan,MO,4.848014738,0,34.4
Morgan,OH,6.892748828,0,36.2
Morgan,KY,7.513712525,0,36.5
Morrill,NE,21.5424386,0,3.5
Morris,NJ,0.203316085,0,1069.8
Morris,KS,35.58718861,0,8.5
Morris,TX,8.072328059,0,51.3
Morrison,MN,2.995267477,0,29.5
Morrow,OR,8.618460743,0,5.5
Morrow,OH,2.830615942,0,85.8
Morton,ND,6.376737661,0,14.3
Morton,KS,38.65481252,0,4.4
Motley,TX,83.33333333,0,1.2
Moultrie,IL,6.896076133,0,44.2
Mountrail,ND,18.96633476,0,4.2
Mower,MN,2.496130997,0,55.1
Muhlenberg,KY,6.531252041,0,67.4
Multnomah,OR,0.123023171,0,1704.9
Murray,GA,4.988028731,0,115
Murray,MN,12.20405175,0,12.4
Murray,OK,7.105805443,0,32.4
Muscatine,IA,2.343896494,0,97.7
Muscogee,GA,0.510806103,0,877.5
Muskegon,MI,0.576149707,0,344.9
Muskingum,OH,1.15989097,0,129.5
Muskogee,OK,1.470653117,0,87.6
Musselshell,MT,21.58428664,0,2.4
Nacogdoches,TX,1.533648242,0,68.2
Nance,NE,28.41716397,0,8.5
Nantucket,MA,8.77269936,0,226.2
Napa,CA,0.725984435,0,182.4
Nash,NC,1.060467878,0,177.3
Nassau,NY,0.073696095,0,4704.8
Nassau,FL,1.128349788,0,113
Natchitoches,LA,5.241364851,0,31.6
Natrona,WY,1.252222695,0,14.1
Navajo,AZ,0.901518157,0,10.8
Navarro,TX,1.995490192,0,47.3
Nelson,KY,2.162957195,0,104
Nelson,VA,6.697923644,0,31.9
Nelson,ND,34.73428274,0,3.2
Nemaha,NE,14.34308663,0,17.8
Nemaha,KS,9.774215619,0,14.2
Neosho,KS,6.247266821,0,28.9
Neshoba,MS,3.434301806,0,52.1
Ness,KS,36.36363636,0,2.9
Nevada,CA,1.002456017,0,103.1
Nevada,AR,12.11827436,0,14.6
New Castle,DE,0.178969956,0,1263.2
New Hanover,NC,0.426488338,0,1058.1
New Haven,CT,0.116992315,0,1426.7
New Kent,VA,4.330691611,0,87.9
New London,CT,0.377065376,0,412.2
New Madrid,MO,5.856172406,0,28.1
New York City,NY,0.012671584,0,69467.5
Newaygo,MI,2.041649653,0,59.6
Newberry,SC,2.601456816,0,59.5
Newport,RI,9.74635121,0,809.6
Newport News city,VA,0.557957874,0,2630
Newton,GA,0.894902635,0,367.3
Newton,MS,4.757826625,0,37.6
Newton,MO,1.717150903,0,93
Newton,IN,7.151029748,0,35.5
Newton,AR,12.89823294,0,10.1
Newton,TX,7.355645458,0,15.5
Nez Perce,ID,2.474757474,0,46.3
Niagara,NY,1.433479389,0,414.4
Nicholas,KY,13.75705049,0,36.6
Nicholas,WV,8.164598302,0,40.6
Nicollet,MN,2.917663535,0,73
Niobrara,WY,84.88964346,0,0.9
Noble,IN,2.094504021,0,115.7
Noble,OK,8.983918785,0,15.8
Noble,OH,6.932889628,0,36.8
Nobles,MN,4.623422257,0,29.9
Nodaway,MO,4.526525439,0,26.6
Nolan,TX,6.796248471,0,16.7
Nome Census Area,AK,9.996001599,0,0.4
Norfolk,MA,0.141487744,0,1693.6
Norfolk city,VA,0.411960023,0,4486.4
Norman,MN,15.68627451,0,7.9
North Slope Borough,AK,10.17087063,0,0.1
Northampton,PA,0.327562769,0,805.4
Northampton,NC,5.132679772,0,41.2
Northampton,VA,8.53970965,0,58.5
Northumberland,PA,1.100800282,0,206.2
Northumberland,VA,16.53575858,0,64.5
Northwest Arctic Borough,AK,13.12163758,0,0.2
Norton,KS,18.65323634,0,6.5
Norton city,VA,50.23863351,0,529.1
Nottoway,VA,6.56512605,0,50.4
Nowata,OK,9.924573243,0,18.6
Noxubee,MS,9.59969281,0,16.6
Nuckolls,NE,24.10800386,0,7.8
Nueces,TX,0.276018924,0,405.8
Nye,NV,2.149474453,0,2.4
Oakland,MI,0.079517551,0,1385.7
Obion,TN,3.32568426,0,58.4
O'Brien,IA,14.54228168,0,25.1
Ocean,NJ,0.164694179,0,917
Oceana,MI,3.778289946,0,51.9
Ochiltree,TX,10.16673444,0,11.1
Oconee,GA,2.482621648,0,178
Oconee,SC,2.514268474,0,118.6
Oconto,WI,2.636435539,0,37.7
Ogemaw,MI,4.762585131,0,38.5
Ogle,IL,1.97460656,0,70.5
Oglethorpe,GA,6.553509404,0,33.9
Ohio,IN,17.0212766,0,71.1
Ohio,WV,4.829634638,0,420
Ohio,KY,4.167708594,0,40.6
Okaloosa,FL,0.474522867,0,194.4
Okanogan,WA,2.367256113,0,7.8
Okeechobee,FL,2.371466515,0,52
Okfuskee,OK,8.338197282,0,19.7
Oklahoma,OK,0.125402228,0,1013.8
Okmulgee,OK,5.199532042,0,57.5
Oktibbeha,MS,4.033315183,0,104
Oldham,TX,47.34848485,0,1.4
Oldham,KY,1.497028399,0,322.2
Oliver,ND,51.04645227,0,2.6
Olmsted,MN,0.631739875,0,220.8
Oneida,NY,0.874618994,0,193.7
Oneida,WI,2.80938334,0,32.3
Onondaga,NY,0.217142063,0,600
Onslow,NC,0.505208702,0,233.1
Ontario,NY,0.910937628,0,167.6
Orange,CA,0.0314892,0,3807.7
Orange,NY,0.259780745,0,459.3
Orange,FL,0.071764223,0,1268.5
Orange,VT,3.461165721,0,42.1
Orange,NC,2.02052857,0,336.2
Orange,TX,1.199098278,0,245.3
Orange,VA,2.698982484,0,98.2
Orange,IN,5.090094676,0,49.8
Orangeburg,SC,2.320858718,0,83.6
Oregon,MO,9.497578118,0,13.8
Orleans,LA,1.281578084,0,2029.4
Orleans,NY,4.956383822,0,109.6
Orleans,VT,7.397270407,0,39.3
Osage,OK,2.12933586,0,21.1
Osage,KS,6.269985579,0,23.1
Osage,MO,7.34484025,0,23
Osborne,KS,29.23121894,0,4.3
Osceola,FL,0.26613369,0,202.4
Osceola,MI,4.262574595,0,41.5
Osceola,IA,16.78415576,0,16.2
Oscoda,MI,24.26889941,0,15.3
Oswego,NY,0.853795977,0,128.3
Otero,CO,5.471058103,0,14.9
Otero,NM,1.481700993,0,9.6
Otoe,NE,6.245316013,0,25.6
Otsego,MI,4.053834928,0,46.9
Otsego,NY,1.680870018,0,62.2
Ottawa,MI,0.34266525,0,468.2
Ottawa,OK,3.212644971,0,67.6
Ottawa,KS,17.5315568,0,8.5
Ottawa,OH,2.467612585,0,162.5
Otter Tail,MN,1.702243557,0,29.1
Ouachita,LA,1.304810183,0,251.8
Ouachita,AR,4.276794115,0,35.6
Ouray,CO,40.38772213,0,8.2
Outagamie,WI,0.532240466,0,277.2
Overton,TN,4.49620071,0,50.9
Owen,IN,4.807923458,0,56
Owen,KY,9.173470324,0,30.9
Owsley,KY,45.30011325,0,24.1
Owyhee,ID,8.458090163,0,1.5
Oxford,ME,1.724881414,0,27.8
Ozaukee,WI,3.362437094,1.120812365,370.7
Pacific,WA,4.450180232,0,22.4
Page,IA,6.619447938,0,29.8
Page,VA,4.183750314,0,77.3
Palm Beach,FL,0.133621064,0,670.2
Palo Alto,IA,11.25365744,0,16.7
Palo Pinto,TX,3.425948131,0,29.5
Pamlico,NC,7.85792865,0,39.1
Panola,MS,2.924660739,0,50.7
Panola,TX,12.93437958,0,29.7
Park,WY,3.425361376,0,4.1
Park,CO,5.306447334,0,7.4
Park,MT,6.021919788,0,5.6
Parke,IN,5.904233335,0,39
Parker,TX,0.699897815,0,129.4
Parmer,TX,10.41124414,0,11.7
Pasco,FL,0.180522685,0,622.2
Pasquotank,NC,2.511048614,0,179.2
Passaic,NJ,0.199272258,0,2715.3
Patrick,VA,5.679236711,0,38.3
Paulding,GA,0.592884204,0,455.8
Paulding,OH,5.355612682,0,47.1
Pawnee,OK,6.106497313,0,29.2
Pawnee,KS,31.18178983,0,9.2
Payette,ID,4.175191015,0,55.6
Payne,OK,1.222733053,0,113
Peach,GA,3.630291149,0,184.3
Pearl River,MS,1.800666247,0,68.9
Pecos,TX,6.319914049,0,3.3
Pembina,ND,14.70372004,0,6.6
Pemiscot,MO,6.327111674,0,37.1
Pend Oreille,WA,7.286505392,0,9.3
Pender,NC,1.58579131,0,60
Pendleton,KY,6.854009596,0,53.7
Pendleton,WV,14.34926101,0,11.1
Pennington,SD,0.878927708,0,36.4
Pennington,MN,7.082654579,0,22.6
Penobscot,ME,0.657254778,0,45.3
Peoria,IL,0.558101117,0,301.2
Pepin,WI,13.72306848,0,32.2
Perquimans,NC,7.427764986,0,54.4
Perry,MS,8.352125616,0,18.9
Perry,TN,12.38236751,0,19.1
Perry,MO,5.225752508,0,40
Perry,PA,2.161134163,0,83.4
Perry,AR,9.56480153,0,18.9
Perry,OH,2.767476615,0,88.4
Perry,KY,7.764577995,0,84.5
Perry,AL,22.41398633,0,14.7
Perry,IN,15.65026866,0,50.7
Perry,IL,4.781028877,0,50.6
Pershing,NV,14.86988848,0,1.1
Person,NC,2.532286655,0,100.6
Petersburg Borough,AK,30.61849357,0,1.2
Petersburg city,VA,6.380399413,0,1413.7
Pettis,MO,2.361888566,0,61.9
Phelps,NE,11.06929378,0,17
Phelps,MO,2.243510645,0,67.2
Philadelphia,PA,0.063128762,0,11379.5
Phillips,CO,23.44665885,0,6.5
Phillips,AR,5.62366438,0,31.3
Phillips,KS,19.10584639,0,6.4
Piatt,IL,6.118453255,0,38.1
Pickaway,OH,1.710659117,0,111.1
Pickens,GA,6.136663496,0,126.8
Pickens,SC,0.788121434,0,240.2
Pickens,AL,5.017561465,0,22.4
Pickett,TN,19.80982567,0,31.2
Pierce,WA,0.11049968,0,476.3
Pierce,WI,2.338962436,0,71.5
Pierce,ND,25.1572327,0,4.3
Pierce,GA,5.137426149,0,59.3
Pierce,NE,13.98992725,0,12.7
Pike,PA,1.791825691,0,105.3
Pike,MS,2.545306455,0,98.8
Pike,AR,9.330098899,0,18.8
Pike,AL,3.01987075,0,48.9
Pike,GA,5.273705305,0,82.7
Pike,OH,3.600748956,0,65.2
Pike,MO,5.463883729,0,27.6
Pike,IL,6.426322216,0,19.8
Pike,KY,1.727831917,0,82.6
Pike,IN,8.071676487,0,38.4
Pima,AZ,0.095485539,0,106.7
Pinal,AZ,0.216081195,0,70
Pine,MN,3.380776903,0,21.1
Pinellas,FL,0.205129047,0,3347.5
Pipestone,MN,10.95770327,0,20.6
Piscataquis,ME,5.957700328,0,4.4
Pitkin,CO,50.65571002,0,17.7
Pitt,NC,0.553274834,0,257.9
Pittsburg,OK,4.581481651,0,35.1
Pittsylvania,VA,1.65689101,0,65.5
Piute,UT,67.6132522,0,2.1
Placer,CA,0.251048756,0,247.6
Plaquemines,LA,4.310902272,0,29.5
Platte,MO,1.915378575,0,212.6
Platte,NE,2.987750224,0,47.8
Platte,WY,11.91469081,0,4.2
Pleasants,WV,13.40482574,0,58.5
Plumas,CA,5.317169139,0,7.8
Plymouth,MA,0.575592573,0,750.9
Plymouth,IA,3.971879096,0,29
Pocahontas,IA,15.10802236,0,12.7
Pocahontas,WV,12.12562144,0,9.3
Poinsett,AR,4.250255015,0,32.4
Pointe Coupee,LA,4.601932812,0,40.9
Polk,GA,2.346701711,0,133.6
Polk,OR,1.161642563,0,101.8
Polk,IA,0.204014599,0,750.5
Polk,FL,0.137973473,0,334.9
Polk,AR,5.009016229,0,24.1
Polk,NC,9.650646593,0,86.3
Polk,TX,1.947305902,0,43
Polk,TN,5.941064639,0,38.7
Polk,MN,3.188368831,0,16
Polk,MO,3.110516657,0,49
Polk,NE,19.1828122,0,12.3
Polk,WI,2.283991504,0,48.4
Pondera,MT,16.91761123,0,3.8
Pontotoc,MS,3.108099708,0,60.2
Pontotoc,OK,2.612057256,0,52
Pope,AR,1.560744163,0,76
Pope,MN,8.889679083,0,16.4
Pope,IL,23.94062724,0,12.1
Poquoson city,VA,8.149295086,0,793.2
Portage,OH,0.6155134,0,331.2
Portage,WI,1.412988187,0,87.4
Porter,IN,0.586892346,0,393
Portsmouth city,VA,1.059344478,0,2838.8
Posey,IN,3.93282731,0,63.3
Pottawatomie,KS,4.101218062,0,25.7
Pottawatomie,OK,1.377562266,0,88.2
Pottawattamie,IA,1.072892303,0,98
Potter,PA,6.05107104,0,16.1
Potter,TX,1.703359877,0,133.3
Powell,KY,8.09126952,0,70.5
Power,ID,26.03827627,0,5.6
Poweshiek,IA,5.404236922,0,32.3
Powhatan,VA,3.372453797,0,107.8
Prairie,AR,12.40387001,0,13.4
Pratt,KS,10.91226539,0,13.1
Preble,OH,2.446064283,0,99.7
Prentiss,MS,3.979941097,0,60.9
Presidio,TX,14.91646778,0,2
Presque Isle,MI,7.941550191,0,20.3
Preston,WV,2.991146207,0,51.7
Price,WI,7.49007565,0,11.3
Prince Edward,VA,4.385580212,0,66.8
Prince George,VA,5.214715928,0,134.7
Prince George's,MD,0.10997144,0,1788.8
Prince of Wales-Hyder Census Area,AK,16.12123166,0,1.4
Prince William,VA,0.212614413,0,1195
Providence,RI,5.79092265,0,1530.3
Prowers,CO,8.215576733,0,7.7
Pueblo,CO,0.59373961,0,66.7
Pulaski,AR,1.275799863,0,503.8
Pulaski,KY,1.538958741,0,95.8
Pulaski,MO,1.900887715,0,95.5
Pulaski,GA,8.979078747,0,48.2
Pulaski,VA,2.938842684,0,109
Pulaski,IN,8.095199547,0,30.9
Pulaski,IL,74.97656982,0,30.9
Pushmataha,OK,9.012256669,0,8.3
Putnam,NY,2.034174125,0,432.9
Putnam,FL,1.341903624,0,102.2
Putnam,TN,6.230917814,0,180.3
Putnam,WV,1.771479185,0,160.5
Putnam,IN,2.661273153,0,79
Putnam,GA,4.521000045,0,61.6
Putnam,OH,2.953250052,0,71.5
Putnam,IL,34.84927688,0,37.5
Putnam,MO,21.29471891,0,9.6
Quay,NM,12.11680601,0,3.1
Queen Anne's,MD,1.984875251,0,128.5
Quitman,MS,29.44640754,0,20.3
Quitman,GA,43.49717268,0,16.6
Rabun,GA,11.67065414,0,44
Racine,WI,0.509395806,0,587.7
Radford city,VA,5.479752315,0,1662.1
Rains,TX,7.991050024,0,47.6
Raleigh,WV,1.363122095,0,130.3
Ralls,MO,9.700261907,0,21.6
Ramsey,MN,0.181712128,0,3341.7
Ramsey,ND,8.681309141,0,9.6
Randall,TX,2.178443575,0,132.4
Randolph,GA,14.75361464,0,18
Randolph,NC,1.392108139,0,181.1
Randolph,MO,4.040730564,0,52.7
Randolph,AR,11.13709767,0,27.6
Randolph,AL,4.401021037,0,39.5
Randolph,IN,4.054327995,0,57.9
Randolph,IL,6.292870178,0,58.2
Randolph,WV,3.484927688,0,28.3
Rankin,MS,1.932105802,0,182.6
Ransom,ND,19.16443082,0,6.3
Rapides,LA,1.542638529,0,99.9
Rappahannock,VA,13.56852103,0,27.7
Ravalli,MT,2.282792312,0,16.8
Ray,MO,4.344426101,0,41.3
Reagan,TX,25.98077423,0,2.9
Real,TX,28.96871379,0,4.7
Red Lake,MN,24.66091245,0,9.5
Red River,LA,11.84553423,0,23.4
Red River,TX,8.317391666,0,12.4
Red Willow,NE,9.324878777,0,15.4
Redwood,MN,6.591957811,0,18.3
Reeves,TX,6.259389084,0,5.2
Refugio,TX,14.39263097,0,9.6
Reno,KS,1.612955257,0,51.4
Rensselaer,NY,0.630064141,0,244.4
Renville,MN,6.873797086,0,16
Renville,ND,42.97378599,0,2.8
Republic,KS,21.57031924,0,6.9
Reynolds,MO,31.89792663,0,8.3
Rhea,TN,3.015045075,0,100.9
Rice,MN,1.493161321,0,129.4
Rice,KS,10.48547761,0,13.9
Rich,UT,40.27386226,0,2.2
Richardson,NE,12.71455817,0,15.2
Richland,SC,0.240523957,0,507.9
Richland,OH,0.825395777,0,251.3
Richland,LA,4.969684922,0,37.1
Richland,WI,11.5928588,0,30.7
Richland,IL,6.446206408,0,45.1
Richland,MT,18.51337591,0,4.7
Richland,ND,6.181615874,0,11.4
Richmond,GA,0.493783269,0,618.4
Richmond,VA,11.08278843,0,48.3
Richmond,NC,2.230698878,0,98.4
Richmond city,VA,1.735839886,0,3414.7
Riley,KS,1.347127923,0,116.6
Ringgold,IA,20.43318349,0,9.6
Rio Arriba,NM,5.138614116,0,6.9
Rio Blanco,CO,15.81277672,0,2.1
Rio Grande,CO,17.75095411,0,13.1
Ripley,IN,3.530574778,0,64.6
Ripley,MO,7.525586996,0,22.4
Ritchie,WV,10.46682018,0,23.1
Riverside,CA,0.040476882,0,303.8
Roane,TN,1.873290622,0,150.2
Roane,WV,14.6113384,0,30.9
Roanoke,VA,1.061728919,0,368.7
Roanoke city,VA,1.00864408,0,2279.8
Roberts,SD,9.620935155,0,9.2
Roberts,TX,234.1920375,0,1
Robertson,TN,1.392505535,0,139.2
Robertson,TX,5.856858381,0,19.4
Robeson,NC,0.765550239,0,141.3
Rock,WI,0.61216744,0,223.3
Rock,MN,21.47074611,0,20.1
Rock Island,IL,0.704825943,0,345
Rockbridge,VA,4.430071324,0,37.3
Rockcastle,KY,5.989817311,0,53.9
Rockdale,GA,1.100158423,0,656.5
Rockingham,NH,0.322821199,0,425
Rockingham,VA,2.44057207,0,89.9
Rockingham,NC,1.098780354,0,165.6
Rockland,NY,0.613894269,0,1795.9
Rockwall,TX,1.906305104,0,616.7
Rogers,OK,1.081560475,0,128.6
Rolette,ND,7.054176072,0,15.4
Rooks,KS,20.32520325,0,5.8
Roosevelt,MT,9.087604507,0,4.4
Roosevelt,NM,5.405405405,0,8.1
Roscommon,MI,4.163370665,0,47.1
Roseau,MN,6.594131223,0,9.3
Rosebud,MT,11.18943717,0,1.8
Ross,OH,1.304359168,0,113.3
Routt,CO,3.900460254,0,10
Rowan,NC,0.703789201,0,270.7
Rowan,KY,4.088307441,0,83.4
Runnels,TX,9.742790335,0,10
Rush,IN,6.030999337,0,42.6
Rusk,TX,1.83803257,0,57.7
Rusk,WI,7.053180985,0,16.2
Russell,AL,1.725298045,0,82.6
Russell,KY,5.579423088,0,69.2
Russell,VA,3.761378169,0,61
Rutherford,TN,0.300946477,0,424
Rutherford,NC,1.491891569,0,120.2
Rutland,VT,1.718478803,0,66.3
Sabine,LA,4.186903366,0,28
Sabine,TX,9.48586606,0,22
Sac,IA,10.28700751,0,18
Sacramento,CA,0.064430582,0,1470.8
Sagadahoc,ME,2.788933512,0,139.1
Saginaw,MI,0.524826938,0,250.2
Saguache,CO,14.65416178,0,1.9
Salem,NJ,1.602949427,0,199.1
Salem city,VA,3.952412948,0,1717.9
Saline,AR,0.816746572,0,148
Saline,IL,4.25694947,0,65.6
Saline,KS,1.844201829,0,77.2
Saline,MO,8.786960151,0,30.9
Saline,NE,7.030371204,0,24.7
Salt Lake,UT,0.086174433,0,1387.1
Saluda,SC,4.884482001,0,43.9
Sampson,NC,1.574034723,0,67.1
San Augustine,TX,12.14034236,0,16.7
San Benito,CA,1.592153866,0,39.8
San Bernardino,CA,0.045869771,0,101.5
San Diego,CA,0.029955097,0,735.8
San Francisco,CA,0.226873379,0,17179.1
San Jacinto,TX,3.465123532,0,46.3
San Joaquin,CA,0.131208112,0,492.6
San Juan,WA,5.687635081,0,90.7
San Juan,NM,0.806724858,0,23.6
San Juan,UT,6.532532009,0,1.9
San Juan,CO,137.3626374,0,1.8
San Luis Obispo,CA,0.353218349,0,81.7
San Mateo,CA,0.13045072,0,1602.2
San Miguel,NM,3.666092312,0,6.2
San Miguel,CO,12.22643355,0,5.7
San Patricio,TX,1.498576352,0,93.5
San Saba,TX,16.51527663,0,5.4
Sanborn,SD,42.66211604,0,4.1
Sandoval,NM,1.362880584,0,35.5
Sandusky,OH,1.708875901,0,149.2
Sangamon,IL,1.027369113,0,227.4
Sanilac,MI,2.428953121,0,44.8
Sanpete,UT,9.696499564,0,17.5
Santa Barbara,CA,0.223964667,0,155
Santa Clara,CA,0.051871202,0,1381
Santa Cruz,CA,0.366014794,0,589.4
Santa Cruz,AZ,2.150630135,0,38.3
Santa Fe,NM,0.665079344,0,75.5
Santa Rosa,FL,0.542555327,0,149.6
Sarasota,FL,0.461103605,0,682.6
Saratoga,NY,0.870083485,0,271.1
Sargent,ND,25.65418163,0,4.5
Sarpy,NE,0.534199449,0,664.6
Sauk,WI,1.551782999,0,74.6
Saunders,NE,4.634349801,0,27.7
Sawyer,WI,6.039376736,0,13.2
Schenectady,NY,0.64391915,0,756.6
Schleicher,TX,35.8037952,0,2.6
Schley,GA,19.02225604,0,30
Schoharie,NY,3.225910513,0,52.7
Schoolcraft,MI,12.35483074,0,7.2
Schuyler,NY,5.61576908,0,55.9
Schuyler,IL,14.77541371,0,17.3
Schuyler,MO,21.45922747,0,14.4
Schuylkill,PA,0.7074187,0,190.4
Scioto,OH,1.327774385,0,130.3
Scotland,NC,2.871665279,0,113.4
Scotland,MO,20.3998368,0,11.1
Scott,KY,1.754262859,0,167.4
Scott,MN,0.671082389,0,364.5
Scott,MS,3.55568198,0,46.4
Scott,MO,2.612330199,0,93.3
Scott,TN,9.062896502,0,41.8
Scott,IN,4.188832572,4.188832572,127
Scott,IA,0.578225196,0,360.7
Scott,AR,9.726680284,0,12.6
Scott,KS,20.733983,0,6.9
Scott,VA,13.9107855,0,43.3
Scotts Bluff,NE,2.807569207,0,50
Screven,GA,7.160246312,0,22.6
Scurry,TX,5.986948452,0,18.7
Searcy,AR,12.68874508,0,12.3
Sebastian,AR,0.782307337,0,236.4
Sedgwick,KS,0.193782677,0,499.6
Seminole,FL,0.211942538,0,1367
Seminole,GA,24.72187886,0,37.1
Seminole,OK,4.122351389,0,40.3
Seneca,OH,1.812316503,0,103
Seneca,NY,5.879586077,0,108.9
Sequatchie,TN,6.655131106,0,53.1
Sequoyah,OK,2.405638817,0,63
Sevier,TN,1.017811705,0,151.7
Sevier,AR,5.879931793,0,30.2
Sevier,UT,9.250693802,0,10.9
Seward,NE,5.785697755,0,29.3
Seward,KS,4.666791114,0,35.9
Shackelford,TX,30.62787136,0,3.7
Shannon,MO,12.24589762,0,8.4
Sharkey,MS,23.14279102,0,11.4
Sharp,AR,5.733287467,0,28.6
Shasta,CA,0.555308752,0,46.9
Shawano,WI,2.445047556,0,47
Shawnee,KS,1.696113074,0,327.1
Sheboygan,WI,2.601005722,0,225.9
Shelby,TN,0.106704682,0,1215.5
Shelby,AL,0.918687013,0,248.5
Shelby,IN,2.23568602,0,108.1
Shelby,MO,16.86340641,0,12.7
Shelby,OH,2.058036633,0,121.2
Shelby,TX,3.956635277,0,32
Shelby,IA,8.730574472,0,20.6
Shelby,KY,2.039817232,0,110.8
Shelby,IL,9.244707405,0,29.5
Shenandoah,VA,6.878209831,0,82.5
Sherburne,MN,1.028404533,0,204.4
Sheridan,WY,3.280301788,0,11.5
Sheridan,KS,39.66679889,0,2.9
Sheridan,ND,76.04562738,0,1.4
Sherman,OR,56.17977528,0,2.1
Sherman,TX,132.3626737,0,3.3
Sherman,KS,16.90045631,0,5.7
Sherman,NE,33.32222592,0,5.6
Shiawassee,MI,1.467954552,0,133.1
Sibley,MN,6.727211571,0,25.9
Sierra,NM,9.266981744,0,2.9
Sierra,CA,33.27787022,0,3.4
Silver Bow,MT,2.864098525,0,47.6
Simpson,MS,3.751219146,0,46.7
Simpson,KY,5.384449709,0,74
Sioux,IA,2.869028834,0,43.9
Sioux,ND,23.64066194,0,3.8
Sioux,NE,85.76329331,0,0.6
Siskiyou,CA,4.593582765,0,7.2
Sitka City and Borough,AK,11.77440245,0,3.1
Skagit,WA,0.773963856,0,67.5
Skamania,WA,8.276090375,0,6.7
Slope,ND,133.3333333,0,0.6
Smith,TX,1.288931089,0,227.6
Smith,MS,6.282985675,0,25.9
Smith,TN,4.961055713,0,61
Smith,KS,27.90957298,0,4.3
Smyth,VA,3.321817699,0,71.4
Snohomish,WA,0.121642219,0,341.8
Snyder,PA,2.476964233,0,120.8
Socorro,NM,12.02139809,0,2.7
Solano,CA,0.223392301,0,503
Somerset,NJ,1.21604942,0,1071.7
Somerset,MD,3.903810119,0,82.8
Somerset,PA,1.361525998,0,72.4
Somerset,ME,1.980825608,0,13.3
Somervell,TX,10.95530237,0,45.5
Sonoma,CA,0.202291559,0,307.1
Southampton,VA,5.67182803,0,31
Southeast Fairbanks Census Area,AK,14.50747135,0,0.3
Spalding,GA,2.998365891,0,326.1
Spartanburg,SC,0.312710102,0,351.9
Spencer,KY,5.167691592,0,91.4
Spencer,IN,4.93169601,0,52.8
Spink,SD,15.6838143,0,4.3
Spokane,WA,0.765113868,0,267.2
Spotsylvania,VA,0.734133539,0,304.9
St. Bernard,LA,2.1166709,0,95.1
St. Charles,LA,1.883239171,0,189.1
St. Charles,MO,0.248742606,0,643.2
St. Clair,MI,0.628424916,0,226.1
St. Clair,IL,0.770160887,0,410.6
St. Clair,AL,1.117168648,0,132.3
St. Clair,MO,21.28338832,0,14.6
St. Croix,WI,2.205387762,0,116.8
St. Francis,AR,4.00096023,0,44.5
St. Francois,MO,1.487763148,0,144.6
St. Helena,LA,9.8697197,0,27.4
St. James,LA,4.740235116,4.740235116,91.5
St. John the Baptist,LA,2.334430516,0,215.5
St. Johns,FL,0.37782614,0,316.4
St. Joseph,IN,0.367882395,0,583
St. Joseph,MI,4.920936946,0,122.4
St. Landry,LA,2.435341678,0,90.3
St. Lawrence,NY,0.928160386,0,41.8
St. Louis,MO,0.100582878,0,1967.2
St. Louis,MN,0.502335862,0,32
St. Louis city,MO,0.33269456,0,5157.5
St. Lucie,FL,0.304602235,0,485.7
St. Martin,LA,1.871572683,0,70.7
St. Mary,LA,2.026424576,0,98.4
St. Mary's,MD,0.880979649,0,294.4
St. Tammany,LA,0.767993119,0,276.4
Stafford,VA,0.65409924,0,479.5
Stafford,KS,24.06159769,0,5.6
Stanislaus,CA,0.363200523,0,344.2
Stanley,SD,32.27888961,0,2.1
Stanly,NC,1.592204566,0,153.3
Stanton,NE,16.89189189,0,14.3
Stanton,KS,49.85044865,0,3.3
Stark,OH,0.269828335,0,652.9
Stark,ND,6.351424307,0,18.1
Stark,IL,18.71958068,0,20.8
Starke,IN,4.348771472,0,75.6
Starr,TX,3.094394504,0,49.8
Staunton city,VA,4.010909674,0,1188.8
Ste. Genevieve,MO,11.17693081,0,36.4
Stearns,MN,1.241657613,0,112.2
Steele,MN,5.457174821,0,85.1
Steele,ND,52.91005291,0,2.8
Stephens,GA,7.714561234,0,146.1
Stephens,OK,2.31787312,0,51.8
Stephens,TX,10.67691651,0,10.7
Stephenson,IL,2.247292013,0,84.5
Steuben,NY,2.09689764,0,71.2
Steuben,IN,2.890674683,0,110.7
Stevens,WA,2.187083087,0,17.6
Stevens,KS,18.23154057,0,7.9
Stevens,MN,10.19887812,0,17.3
Stewart,GA,15.10345869,0,13.2
Stewart,TN,7.291286912,0,29
Stillwater,MT,10.37129226,0,5.1
Stoddard,MO,3.445305771,0,36.4
Stokes,NC,4.386830734,0,105.6
Stone,AR,15.99232368,0,20.4
Stone,MO,3.129694542,0,69.4
Stone,MS,5.453752182,0,39.9
Storey,NV,24.25418385,0,15.3
Story,IA,1.029685843,0,156.3
Strafford,NH,0.765503357,0,333.7
Stutsman,ND,4.829984544,0,9.5
Sublette,WY,10.1719052,0,2.1
Suffolk,MA,0.124392498,0,12415.7
Suffolk,NY,0.067723102,0,1637.4
Suffolk city,VA,1.085682025,0,211.4
Sullivan,TN,0.631520449,0,379.4
Sullivan,NY,1.325697317,0,80.1
Sullivan,NH,2.317711955,0,81.4
Sullivan,IN,4.838163433,0,48
Sullivan,PA,16.48532806,0,14.3
Sullivan,MO,16.42305797,0,10.4
Sully,SD,71.8907261,0,1.4
Summers,WV,7.953551261,0,38.6
Summit,CO,6.449324433,0,46
Summit,OH,0.369676884,0,1312.6
Summit,UT,4.745521414,0,19.4
Sumner,TN,1.045571222,0,303.4
Sumner,KS,4.379050622,0,20.4
Sumter,FL,0.755172935,0,170.8
Sumter,GA,6.774149844,0,68
Sumter,SC,0.937022704,0,161.6
Sumter,AL,8.046994448,0,15.2
Sunflower,MS,7.964954202,0,42.2
Surry,NC,1.3930875,0,138.4
Surry,VA,15.57147306,0,25.3
Susquehanna,PA,2.479666733,0,52.7
Sussex,DE,0.426939908,0,210.6
Sussex,NJ,1.423609134,0,287.6
Sussex,VA,8.961376467,0,24.7
Sutter,CA,2.062472286,0,157.3
Suwannee,FL,2.251390233,0,60.3
Swain,NC,21.0216523,0,26.5
Sweetwater,WY,2.361665446,0,4.2
Swift,MN,10.79214332,0,13.2
Swisher,TX,13.51899419,0,8.8
Switzerland,IN,9.301460329,0,48.1
Talbot,MD,2.689545736,0,140.7
Talbot,GA,16.14205004,0,17.5
Taliaferro,GA,65.06180872,0,8.8
Talladega,AL,1.250343845,0,111.7
Tallahatchie,MS,7.241653994,0,23.8
Tallapoosa,AL,2.477271038,0,58.1
Tama,IA,17.7999288,0,24.6
Taney,MO,1.78801316,0,81.7
Tangipahoa,LA,0.742070972,0,153
Taos,NM,3.055954527,0,15
Tarrant,TX,0.047562086,0,2094.7
Tate,MS,3.530948766,0,71.4
Tattnall,GA,3.954757573,0,53.2
Taylor,GA,12.46882793,0,23.6
Taylor,TX,0.724459191,0,143.6
Taylor,IA,16.3371998,0,11.9
Taylor,KY,7.761263534,0,92
Taylor,WV,5.989817311,0,97.8
Taylor,FL,4.636283555,0,21.6
Taylor,WI,4.915695817,0,21.2
Tazewell,IL,1.517416144,0,208.6
Tazewell,VA,2.463357556,0,86.9
Tehama,CA,1.536475939,0,21.5
Telfair,GA,12.61034048,0,37.7
Teller,CO,11.81660627,3.938868757,41.9
Tensas,LA,23.07337333,0,8.7
Terrebonne,LA,0.905296892,0,90.8
Terrell,GA,23.44391044,0,27.8
Terry,TX,8.105698306,0,14.2
Teton,ID,8.235875474,0,22.6
Teton,WY,4.261847937,0,5.3
Texas,OK,5.004253616,0,10.1
Texas,MO,3.937317899,0,22.1
Thayer,NE,19.9880072,0,9.1
Thomas,GA,2.249668174,0,82.1
Thomas,NE,138.5041551,0,0.9
Throckmorton,TX,66.62225183,0,1.8
Thurston,WA,0.344191426,0,349.4
Thurston,NE,13.8427464,0,17.6
Tift,GA,2.460387757,0,154.9
Tillamook,OR,3.698772008,0,22.9
Tillman,OK,13.79310345,0,9.2
Tioga,NY,2.074559675,0,98.6
Tioga,PA,2.463600305,0,37
Tippah,MS,13.62707245,0,48.6
Tippecanoe,IN,0.510902663,0,345.7
Tipton,TN,1.623402977,0,133.3
Tipton,IN,6.601531555,0,61.2
Tishomingo,MS,5.159160089,0,46.2
Titus,TX,3.053435115,0,79.6
Todd,SD,9.826078412,0,6.9
Todd,KY,16.26809826,0,33.3
Todd,MN,8.108984755,0,26.3
Tolland,CT,2.653910205,0,372.2
Tom Green,TX,0.838926174,0,72.4
Tompkins,NY,0.978665101,0,214
Tooele,UT,1.383910655,0,8.4
Toole,MT,21.11486486,0,2.8
Toombs,GA,3.727171077,0,74.8
Torrance,NM,19.40366082,0,4.9
Towns,GA,8.30771787,0,62.9
Traill,ND,12.44400199,0,9.4
Transylvania,NC,2.908244874,0,87.4
Traverse,MN,61.36851795,0,6.2
Travis,TX,0.313983079,0,1034.4
Trego,KS,35.67606136,0,3.4
Trempealeau,WI,3.372795035,0,39.3
Treutlen,GA,14.49065353,0,34.5
Trigg,KY,27.30189066,0,32.5
Trimble,KY,11.8049817,0,58.1
Trinity,TX,13.65094533,0,21
Trinity,CA,8.14000814,0,4.3
Tripp,SD,18.37897445,0,3.5
Troup,GA,1.430165041,0,161.9
Trousdale,TN,8.862105636,0,68.9
Trumbull,OH,0.505116834,0,340.1
Tucker,WV,29.24404153,0,17
Tulare,CA,0.214502515,0,91.7
Tulsa,OK,0.153479692,0,1058.1
Tunica,MS,10.3820598,0,23.7
Tuolumne,CA,1.835603363,0,24.9
Turner,GA,12.52348153,0,31.3
Turner,SD,11.92748092,0,13.5
Tuscaloosa,AL,0.477657567,0,147.3
Tuscarawas,OH,1.087110135,0,163.1
Tuscola,MI,1.914058762,0,69.4
Twiggs,GA,12.31527094,0,25.2
Twin Falls,ID,1.151039389,0,40.2
Tyler,TX,4.6142488,0,23.5
Tyler,WV,11.64008846,0,35.9
Tyrrell,NC,49.80079681,0,11.3
Uinta,WY,4.944131316,0,10.1
Uintah,UT,2.798455253,0,7.3
Ulster,NY,0.563148677,0,162.3
Umatilla,OR,1.282873637,0,23.6
Unicoi,TN,5.591902925,0,98.4
Union,NJ,0.179745875,0,5216.1
Union,OH,1.695260053,0,121.1
Union,OR,3.726476616,0,12.6
Union,MS,3.470414715,0,65.3
Union,NC,3.75220442,0,318.7
Union,AR,2.585181738,0,40.1
Union,LA,9.046499005,0,25.9
Union,SC,3.660858105,0,56.3
Union,KY,6.953619359,0,43.8
Union,SD,6.276675872,0,31.3
Union,TN,5.007009814,0,85.5
Union,PA,8.904124836,0,142.2
Union,FL,6.562971714,0,63.8
Union,GA,4.079800906,0,66.3
Union,IN,28.35270768,0,46.6
Union,IA,8.169267217,0,29.6
Union,IL,18.01477211,0,43.1
Union,NM,24.63661,0,1.2
Upshur,TX,2.395037482,0,67.4
Upshur,WV,4.136333554,0,68.4
Upson,GA,7.598784195,0,84
Utah,UT,0.157174629,0,257.8
Uvalde,TX,3.739575932,0,17
Val Verde,TX,2.039775625,0,15.5
Valdez-Cordova Census Area,AK,10.86720278,0,0.3
Valencia,NM,1.303984978,0,71.8
Valley,ID,8.778089888,0,2.7
Valley,NE,24.05002405,0,7.5
Van Buren,AR,6.044122091,0,24.4
Van Buren,MI,2.642810894,0,125.5
Van Buren,IA,14.19647927,0,15.6
Van Buren,TN,17.02997275,0,20.3
Van Wert,OH,3.536693192,0,70.3
Van Zandt,TX,1.76709666,0,62.4
Vance,NC,2.245424947,0,179.2
Vanderburgh,IN,0.551112973,0,769.7
Venango,PA,1.973632273,0,81.5
Ventura,CA,0.118202471,0,446.7
Vermilion,LA,1.680361614,0,49.4
Vermilion,IL,1.319992608,0,90.9
Vermillion,IN,6.452445477,0,63.1
Vernon,LA,4.216829366,0,39.4
Vernon,MO,4.863103633,0,25.6
Vernon,WI,3.244435793,0,37.6
Victoria,TX,3.257894965,0,98.4
Vigo,IN,0.93424765,0,267.4
Vilas,WI,4.505519261,0,25
Vinton,OH,22.92701567,0,32.6
Virginia Beach city,VA,0.222235062,0,1758.9
Volusia,FL,0.180739006,0,449.2
Wabash,IN,3.226222738,0,79.7
Wabash,IL,8.680555556,0,53.5
Wabasha,MN,4.623849817,0,41.4
Wabaunsee,KS,14.42793248,0,8.9
Wadena,MN,7.308872972,0,25.8
Wagoner,OK,1.230178745,0,130.1
Wahkiakum,WA,22.28163993,0,15.1
Wake,NC,0.08994739,0,1078.8
Wakulla,FL,2.963928984,0,50.8
Waldo,ME,2.517940325,0,53.1
Walker,AL,1.574282521,0,84.7
Walker,TX,1.370407422,0,86.5
Walker,GA,1.43346569,0,154
Walla Walla,WA,1.645819618,0,46.3
Waller,TX,5.430257394,0,84.1
Wallowa,OR,13.87347392,0,2.2
Walsh,ND,9.397613006,0,8.7
Walthall,MS,6.999860003,0,38.2
Walton,FL,1.350056027,0,53
Walton,GA,2.114321356,0,257.2
Walworth,WI,1.925520853,0,184.2
Walworth,SD,18.39926403,0,7.7
Wapello,IA,2.859675713,0,82.5
Ward,ND,1.478393282,0,30.6
Ward,TX,8.334722454,0,12.8
Ware,GA,2.798455253,0,40.7
Warren,NJ,0.949965326,0,304.5
Warren,KY,0.752468095,0,210.1
Warren,NY,1.563868385,0,75.8
Warren,OH,0.852507651,0,530
Warren,IA,1.94303035,0,81.1
Warren,PA,2.551606236,0,47.3
Warren,IN,12.09921355,0,23.3
Warren,VA,4.979583707,0,176
Warren,MO,2.805127774,0,75.9
Warren,MS,2.203565369,0,82.9
Warren,GA,38.06623525,0,20.5
Warren,TN,2.422656685,0,92.1
Warren,NC,5.068166844,0,48.9
Warren,IL,5.936832106,0,32.6
Warrick,IN,1.587351979,0,155.1
Wasatch,UT,2.933325511,0,20
Wasco,OR,3.747844989,0,10.6
Waseca,MN,5.372877713,0,45.2
Washakie,WY,12.81229981,0,3.8
Washburn,WI,6.361323155,0,20
Washington,OR,0.166225615,0,731.4
Washington,UT,0.563202595,0,56.9
Washington,PA,0.483407053,0,242.5
Washington,VT,1.712064922,0,86.6
Washington,MN,0.381039476,0,619.7
Washington,LA,2.164783305,0,70.4
Washington,AR,0.418082923,0,215.6
Washington,IL,7.200979333,0,26.2
Washington,IA,4.552697473,0,38.2
Washington,NY,1.633880139,0,76.1
Washington,WI,1.47022068,0,306.2
Washington,OK,1.940730103,0,122.7
Washington,TN,1.54589372,0,376.7
Washington,AL,6.125199069,0,16.3
Washington,IN,3.566842631,0,55
Washington,MD,0.662036822,0,322.1
Washington,MS,2.277437427,0,70.6
Washington,GA,4.908216354,0,31.2
Washington,NE,9.64831878,0,51.9
Washington,OH,1.669142561,0,97.8
Washington,RI,7.166917509,0,385.7
Washington,CO,20.37489813,0,1.9
Washington,FL,3.925725278,0,42.7
Washington,VA,1.860811314,0,97.8
Washington,KY,16.53575858,0,39.4
Washington,TX,13.93456329,0,55.8
Washington,NC,8.635578584,0,38
Washington,ID,9.809691976,0,7
Washington,ME,3.186844705,0,12.8
Washington,MO,4.043671654,0,33.2
Washington,KS,18.49796522,0,6.5
Washita,OK,9.160864786,0,11.6
Washoe,NV,0.212080531,0,66.9
Washtenaw,MI,0.544068161,0,488.4
Watauga,NC,1.780087936,0,163.4
Watonwan,MN,9.176837662,0,25.8
Waukesha,WI,0.2474035,0,709.4
Waupaca,WI,1.961168857,0,70.1
Waushara,WI,4.091150841,0,39.1
Wayne,PA,1.94700259,0,72.8
Wayne,MI,0.057164318,0,2974.4
Wayne,NC,0.812143165,0,221.7
Wayne,IN,1.517819197,0,171.5
Wayne,NY,1.11212438,0,155.3
Wayne,KY,4.918113412,0,45.4
Wayne,OH,0.864229539,0,206.4
Wayne,TN,5.997720866,0,23.2
Wayne,MS,4.954664817,0,25.6
Wayne,GA,3.34146423,0,46.9
Wayne,WV,15.22765342,0,84
Wayne,NE,10.65530101,0,21.7
Wayne,IL,6.167129201,0,23.5
Wayne,IA,15.52553951,0,12.2
Waynesboro city,VA,8.837825895,0,1396.8
Weakley,TN,3.000480077,0,60.3
Webb,TX,0.361464945,0,74.5
Weber,UT,0.384300554,0,401.4
Webster,LA,2.608242045,0,69.5
Webster,MS,10.32098256,0,24.4
Webster,KY,7.726781023,0,41
Webster,IA,2.785204991,0,53.1
Webster,MO,2.52576278,0,61.1
Webster,GA,38.35826621,0,13.4
Webster,NE,28.67794666,0,6.6
Weld,CO,0.308174007,0,63.4
Wells,IN,3.53406842,0,75.1
Wells,ND,26.08242045,0,3.3
West Baton Rouge,LA,7.557150954,0,123.6
West Carroll,LA,9.233610342,0,32.3
West Feliciana,LA,6.423432682,0,38.8
Westchester,NY,0.930226789,0,2204.7
Westmoreland,PA,0.573231795,0,355.4
Westmoreland,VA,5.550929781,0,76.1
Weston,WY,14.43626389,0,3
Wetzel,WV,6.637902423,0,46.3
Wexford,MI,2.973447117,0,57.9
Wharton,TX,7.219174126,0,38
Whatcom,WA,0.436210725,0,95.5
Wheatland,MT,47.03668862,0,1.5
Wheeler,GA,12.73074475,0,25.1
Wheeler,TX,19.77848101,0,5.9
White,AR,5.079171587,0,74.5
White,GA,3.246964089,0,112.8
White,TN,3.656975681,0,68.6
White,IN,4.149033275,0,48.8
White,IL,7.387161114,0,29.6
White Pine,NV,10.43841336,0,1.1
Whiteside,IL,1.812415043,0,85.5
Whitfield,GA,0.955767099,0,353.2
Whitley,IN,2.944293958,0,99.2
Whitley,KY,2.757555703,0,81.4
Whitman,WA,1.995848635,0,20.7
Wichita,TX,0.756258035,0,209.5
Wicomico,MD,0.965167119,0,263.7
Wilbarger,TX,7.831466834,0,13.9
Wilcox,AL,9.64041261,0,13.1
Wilcox,GA,11.58077591,0,24.5
Wilkes,GA,10.22808633,0,22.6
Wilkes,NC,2.92346372,0,91.9
Wilkin,MN,16.1108426,0,8.8
Wilkinson,MS,11.58748552,0,14.6
Wilkinson,GA,11.16819299,0,21.4
Will,IL,0.144771644,0,809.6
Willacy,TX,4.682086338,0,37.5
Williams,ND,7.981058288,0,10.8
Williams,OH,2.725389731,0,89.4
Williamsburg,SC,3.292939937,0,36.8
Williamsburg city,VA,6.687174,0,1559.3
Williamson,TN,0.419441974,0,314.4
Williamson,IL,1.50156914,0,157.9
Williamson,TX,0.677333541,0,378
Wilson,NC,1.222478943,0,220.6
Wilson,TN,1.382580864,0,199.7
Wilson,TX,1.95809673,0,53.4
Wilson,KS,11.73020528,0,16.5
Winchester city,VA,3.56150723,0,2838
Windham,CT,0.856296347,0,230.9
Windham,VT,4.736867036,0,56.7
Windsor,VT,3.632269078,0,58.5
Winkler,TX,12.48439451,0,8.5
Winn,LA,7.192174914,0,16.1
Winnebago,WI,0.581709878,0,384.3
Winnebago,IL,0.353892105,0,575.2
Winnebago,IA,9.658103149,0,27.1
Winneshiek,IA,5.002251013,0,30.5
Winona,MN,3.961651216,0,82.2
Winston,MS,5.569479254,0,31.6
Winston,AL,8.464175378,0,39.9
Wirt,WV,17.17917884,0,24.6
Wise,TX,1.428898034,0,65.4
Wise,VA,2.675012706,0,102.8
Wolfe,KY,13.97233478,0,33.1
Wood,WI,1.369881779,0,94.2
Wood,OH,0.764426642,0,203.3
Wood,WV,1.19734668,0,237.4
Wood,TX,2.195919981,0,65
Woodbury,IA,0.969866255,0,117.1
Woodford,IL,2.600171611,0,73.3
Woodford,KY,11.2216653,0,132.1
Woodruff,AR,15.82278481,0,12.4
Woods,OK,11.37268282,0,6.9
Woodson,KS,31.86743149,0,6.6
Woodward,OK,4.947800703,0,16.2
Worcester,MA,0.120391706,0,528.6
Worcester,MD,1.912923713,0,109.9
Worth,GA,9.878006618,0,38
Worth,MO,49.67709886,0,8.1
Worth,IA,13.54829969,0,19
Wrangell City and Borough,AK,39.96802558,0,0.9
Wright,MN,0.722663448,0,188.5
Wright,IA,7.960515841,0,22.8
Wright,MO,5.467767511,0,27.6
Wyandot,OH,4.5930553,0,55.6
Wyandotte,KS,0.604488935,0.604488935,1039
Wyoming,NY,2.508843674,0,71.1
Wyoming,PA,18.66089423,0,71.2
Wyoming,WV,4.903402962,0,47.6
Wythe,VA,3.486264119,0,63.3
Yadkin,NC,2.654843762,0,114.7
Yakima,WA,0.797216121,0,56.6
Yalobusha,MS,24.77700694,0,27.1
Yamhill,OR,0.933706816,0,138.6
Yancey,NC,5.534340583,0,57
Yankton,SD,4.383273429,0,43.1
Yates,NY,8.027937222,0,75
Yavapai,AZ,0.425352724,0,26
Yazoo,MS,3.36813742,0,30.4
Yell,AR,4.685816035,0,23.9
Yellow Medicine,MN,10.29972191,0,13.8
Yellowstone,MT,0.619962802,0,56.2
Yoakum,TX,11.47710318,0,9.9
Yolo,CA,0.453514739,0,197.9
York,VA,1.464557704,0,624.8
York,ME,0.481600455,0,199
York,SC,0.355898484,0,332.2
York,PA,0.445376766,0,481.1
York,NE,7.310475912,0,23.9
Young,TX,5.55247085,0,20.3
Yuba,CA,2.542329791,0,114.2
Yukon-Koyukuk Census Area,AK,19.12045889,0,0
Yuma,CO,9.981036032,0,4.2
Yuma,AZ,0.467755289,0,35.5
Zapata,TX,7.052683546,0,14
Zavala,TX,8.445945946,0,9
Ziebach,SD,36.28447025,0,1.4
